seed_query,place_name,user_name,rating,review_text,review_date,stage2_completed,stage2_finished_at
Hoa Sen Home,HOA SEN HOME THỦ ĐỨC Cửa hàng vật liệu xây dựng · 843 Nguyễn Duy Trinh,Jerry Ho,5 sao,"Thuộc hệ thống bán lẻ của tập đoàn Hoa Sen, Hoa Sen Home có Show room đẹp, nhân viên tư vấn nhiệt tình, có đầy đủ tất cả trang thiết bị nội ngoại thất, giá sỉ. Đặc biệt nếu bạn đang lo lắng về chi phí thiết kế, bản vẽ khi có dự định xây nhà …",3 năm trước,True,2026-05-22T23:26:58
Hoa Sen Home,HOA SEN HOME THỦ ĐỨC Cửa hàng vật liệu xây dựng · 843 Nguyễn Duy Trinh,Phan Nhien,5 sao,To rộng rãi. Dể bán vật liệu xây dựng,9 tháng trước,True,2026-05-22T23:26:58
Hoa Sen Home,HOA SEN HOME THỦ ĐỨC Cửa hàng vật liệu xây dựng · 843 Nguyễn Duy Trinh,Xuân Khiêm Nguyễn,5 sao,"Dịch vụ tốt, giao hàng nhanh ! Tuy nhiễn giá  cao.",2 năm trước,True,2026-05-22T23:26:58
Hoa Sen Home,HOA SEN HOME THỦ ĐỨC Cửa hàng vật liệu xây dựng · 843 Nguyễn Duy Trinh,Lê Thiên An,5 sao,"Hàng đa dạng, tư vấn nhiệt tình",3 năm trước,True,2026-05-22T23:26:58
Hoa Sen Home,HOA SEN HOME THỦ ĐỨC Cửa hàng vật liệu xây dựng · 843 Nguyễn Duy Trinh,Ngân Yến,4 sao,"Showroom Hoa Sen Home có bán đầy đủ và gần như toàn bộ về VLXD và nội thất, có gạch ngói, thiết bị vệ sinh, nhà bếp, nhà tắm, công cụ dụng cụ...",Thời gian chỉnh sửa: 3 tuần trước,True,2026-05-22T23:26:58
Hoa Sen Home,HOA SEN HOME THỦ ĐỨC Cửa hàng vật liệu xây dựng · 843 Nguyễn Duy Trinh,Mỹ Anh,5 sao,"Hoa Sen Home đa dạng vật liệu xây dựng, từ tôn, sắt thép đến đồ nội thất cơ bản đều có. Không gian trưng bày gọn gàng, dễ xem, nhân viên tư vấn ổn. …",một tháng trước,True,2026-05-22T23:26:58
Hoa Sen Home,HOA SEN HOME THỦ ĐỨC Cửa hàng vật liệu xây dựng · 843 Nguyễn Duy Trinh,Khoa LTM,5 sao,,Thời gian chỉnh sửa: một năm trước,True,2026-05-22T23:26:58
Hoa Sen Home,HOA SEN HOME THỦ ĐỨC Cửa hàng vật liệu xây dựng · 843 Nguyễn Duy Trinh,Tuấn Nguyễn,5 sao,,3 tháng trước,True,2026-05-22T23:26:58
Hoa Sen Home,HOA SEN HOME THỦ ĐỨC Cửa hàng vật liệu xây dựng · 843 Nguyễn Duy Trinh,Thuy,5 sao,,6 tháng trước,True,2026-05-22T23:26:58
Hoa Sen Home,HOA SEN HOME THỦ ĐỨC Cửa hàng vật liệu xây dựng · 843 Nguyễn Duy Trinh,Hiển Đinh,4 sao,,8 tháng trước,True,2026-05-22T23:26:58
Hoa Sen Home,HOA SEN HOME THỦ ĐỨC Cửa hàng vật liệu xây dựng · 843 Nguyễn Duy Trinh,ṔȞǏ ŇǦṎČ ŠṎŇ,5 sao,,một năm trước,True,2026-05-22T23:26:58
Hoa Sen Home,HOA SEN HOME THỦ ĐỨC Cửa hàng vật liệu xây dựng · 843 Nguyễn Duy Trinh,Nguyễn Hữu Trương,3 sao,,2 năm trước,True,2026-05-22T23:26:58
Hoa Sen Home,HOA SEN HOME THỦ ĐỨC Cửa hàng vật liệu xây dựng · 843 Nguyễn Duy Trinh,Phúc Nguyễn,5 sao,,2 năm trước,True,2026-05-22T23:26:58
Hoa Sen Home,HOA SEN HOME THỦ ĐỨC Cửa hàng vật liệu xây dựng · 843 Nguyễn Duy Trinh,Hoang Pham,5 sao,,3 năm trước,True,2026-05-22T23:26:58
Hoa Sen Home,Hoa Sen Home An Khánh Cửa hàng vật liệu xây dựng · 72 Nguyễn Cơ Thạch,Đồng Quang Nhật,5 sao,"Cảnh đẹp, người đẹp.
Nhân viên có view ngồi ăn trưa ngoài công viên rất chill.
Tết nhất tất bật nhưng mọi người đều chăm chỉ làm việc. …",3 tháng trước,True,2026-05-22T23:27:52
Hoa Sen Home,Hoa Sen Home An Khánh Cửa hàng vật liệu xây dựng · 72 Nguyễn Cơ Thạch,Danh Nguyễn,5 sao,"Showroom mới, đẹp, đẳng cấp, đa dạng mặt hàng đáp ứng cho nhu cầu xây dựng, sửa chữa nhà ở, công trình.",3 tháng trước,True,2026-05-22T23:27:52
Hoa Sen Home,Hoa Sen Home An Khánh Cửa hàng vật liệu xây dựng · 72 Nguyễn Cơ Thạch,thúy an Lê thị,5 sao,"Showroom nằm ở vị trí đẹp, không gian rộng, bố trí sản phẩm đẹp, nhiều hãng nổi tiếng. Đường rộng để được xe ô tô tham quan thoải mái. Showroom còn có quầy cafe phục vụ khách hàng.",3 tháng trước,True,2026-05-22T23:27:52
Hoa Sen Home,Hoa Sen Home An Khánh Cửa hàng vật liệu xây dựng · 72 Nguyễn Cơ Thạch,Sỹ Just,5 sao,"Bố cục trưng bày khá thẩm mỹ, sp đa dạng. Nếu có ctr khuyến mãi sẽ mua hàng tại đây",3 tháng trước,True,2026-05-22T23:27:52
Hoa Sen Home,Hoa Sen Home An Khánh Cửa hàng vật liệu xây dựng · 72 Nguyễn Cơ Thạch,Vũ Hoàng,4 sao,"showroom đẹp, đẳng cấp và đa dạng mặt hàng nhất khu Sala",3 tháng trước,True,2026-05-22T23:27:52
Hoa Sen Home,Hoa Sen Home An Khánh Cửa hàng vật liệu xây dựng · 72 Nguyễn Cơ Thạch,Quyết Hữu,5 sao,"Quá Đẳng cấp, bước tiến mới của hệ thống cung cấp vật liệu xây dựng",3 tháng trước,True,2026-05-22T23:27:52
Hoa Sen Home,Hoa Sen Home An Khánh Cửa hàng vật liệu xây dựng · 72 Nguyễn Cơ Thạch,Hồ Nhung,5 sao,"Nhân viên nhiệt tình , sp chất lượng",3 tháng trước,True,2026-05-22T23:27:52
Hoa Sen Home,Hoa Sen Home An Khánh Cửa hàng vật liệu xây dựng · 72 Nguyễn Cơ Thạch,Quân Nguyễn,5 sao,Showroom quá đẹp,3 tháng trước,True,2026-05-22T23:27:52
Hoa Sen Home,Hoa Sen Home An Khánh Cửa hàng vật liệu xây dựng · 72 Nguyễn Cơ Thạch,Đồng Trần Hữu,5 sao,Tuyệt vời,3 tháng trước,True,2026-05-22T23:27:52
Hoa Sen Home,Hoa Sen Home An Khánh Cửa hàng vật liệu xây dựng · 72 Nguyễn Cơ Thạch,trường nguyễn hữu,5 sao,quá đẹp,3 tháng trước,True,2026-05-22T23:27:52
Hoa Sen Home,Hoa Sen Home An Khánh Cửa hàng vật liệu xây dựng · 72 Nguyễn Cơ Thạch,Hiep Nguyen,5 sao,Tốt,3 tháng trước,True,2026-05-22T23:27:52
Hoa Sen Home,Hoa Sen Home An Khánh Cửa hàng vật liệu xây dựng · 72 Nguyễn Cơ Thạch,Joanna dH Kiwi,5 sao,"Mình ghé showroom tham khảo các mẫu gạch xây nhà và các bạn nhân viên tư vấn rất nhiệt tình. Đặc biệt cảm ơn chị Minh Khánh đã tư vấn rất tận tâm, hỗ trợ thêm mình tư vấn phối màu gạch rất đẹp.",23 giờ trước,True,2026-05-22T23:27:52
Hoa Sen Home,Hoa Sen Home An Khánh Cửa hàng vật liệu xây dựng · 72 Nguyễn Cơ Thạch,Nathan Dong,5 sao,"Tôi rất thích chuyến tham quan phòng trưng bày! Mọi thứ trông thật tuyệt vời, và nhân viên thì vô cùng nhiệt tình. Không gian và dịch vụ đều rất tốt! …",3 tháng trước,True,2026-05-22T23:27:52
Hoa Sen Home,Hoa Sen Home An Khánh Cửa hàng vật liệu xây dựng · 72 Nguyễn Cơ Thạch,ṔȞǏ ŇǦṎČ ŠṎŇ,5 sao,,một tuần trước,True,2026-05-22T23:27:52
Hoa Sen Home,Hoa Sen Home An Khánh Cửa hàng vật liệu xây dựng · 72 Nguyễn Cơ Thạch,Hậu Nghĩa Trần Phúc,5 sao,,một tháng trước,True,2026-05-22T23:27:52
Hoa Sen Home,Hoa Sen Home An Khánh Cửa hàng vật liệu xây dựng · 72 Nguyễn Cơ Thạch,Nguyễn Hồ Minh Thy,5 sao,,3 tháng trước,True,2026-05-22T23:27:52
Hoa Sen Home,Hoa Sen Home An Khánh Cửa hàng vật liệu xây dựng · 72 Nguyễn Cơ Thạch,Khoa Diệp Trần Anh,5 sao,,3 tháng trước,True,2026-05-22T23:27:52
Hoa Sen Home,Hoa Sen Home An Khánh Cửa hàng vật liệu xây dựng · 72 Nguyễn Cơ Thạch,Đạt Cao Quang,5 sao,,3 tháng trước,True,2026-05-22T23:27:52
Hoa Sen Home,Hoa Sen Home An Khánh Cửa hàng vật liệu xây dựng · 72 Nguyễn Cơ Thạch,Vân Mâyy,5 sao,,3 tháng trước,True,2026-05-22T23:27:52
Hoa Sen Home,Hoa Sen Home An Khánh Cửa hàng vật liệu xây dựng · 72 Nguyễn Cơ Thạch,Ngoc Nguyen,5 sao,,3 tháng trước,True,2026-05-22T23:27:52
Hoa Sen Home,Hoa Sen Home An Khánh Cửa hàng vật liệu xây dựng · 72 Nguyễn Cơ Thạch,quân trịnh ngọc,5 sao,,3 tháng trước,True,2026-05-22T23:27:52
Hoa Sen Home,Hoa Sen Home An Khánh Cửa hàng vật liệu xây dựng · 72 Nguyễn Cơ Thạch,Thung Đặng Trần,5 sao,,3 tháng trước,True,2026-05-22T23:27:52
Hoa Sen Home,Hoa Sen Home An Khánh Cửa hàng vật liệu xây dựng · 72 Nguyễn Cơ Thạch,NGUYEN THAI Lam,5 sao,,3 tháng trước,True,2026-05-22T23:27:52
Hoa Sen Home,Hoa Sen Home An Khánh Cửa hàng vật liệu xây dựng · 72 Nguyễn Cơ Thạch,Linh Đinh Ngọc,5 sao,,3 tháng trước,True,2026-05-22T23:27:52
Hoa Sen Home,Hoa Sen Home An Khánh Cửa hàng vật liệu xây dựng · 72 Nguyễn Cơ Thạch,Nguyễn Ngọc,5 sao,,3 tháng trước,True,2026-05-22T23:27:52
Hoa Sen Home,Hoa Sen Home An Khánh Cửa hàng vật liệu xây dựng · 72 Nguyễn Cơ Thạch,Duy Linh Nguyen,5 sao,,3 tháng trước,True,2026-05-22T23:27:52
Hoa Sen Home,Hoa Sen Home - Củ Chi - HCM Văn phòng công ty · 209A Hà Duy Phiên,Blue Ckc,5 sao,Rất nhiều sản phẩm,5 năm trước,True,2026-05-22T23:28:34
Hoa Sen Home,Hoa Sen Home - Củ Chi - HCM Văn phòng công ty · 209A Hà Duy Phiên,Hà Nguyễn,5 sao,Tuyệt vời,11 tháng trước,True,2026-05-22T23:28:34
Hoa Sen Home,Hoa Sen Home - Củ Chi - HCM Văn phòng công ty · 209A Hà Duy Phiên,Thuật Nguyễn,5 sao,,6 năm trước,True,2026-05-22T23:28:34
Hoa Sen Home,Hoa Sen Home - Củ Chi - HCM Văn phòng công ty · 209A Hà Duy Phiên,lê phượng,4 sao,,6 năm trước,True,2026-05-22T23:28:34
Hoa Sen Home,Hoa Sen Home - Tân Sáng Tạo Cửa hàng vật liệu xây dựng · 78g Cầu Phú Long,Thu Thủy Nguyễn Thị,5 sao,Sản phẩm chất lượng và rất OK nha. Lần sau m sẽ ủng hộ tiếp,5 tháng trước,True,2026-05-22T23:29:17
Hoa Sen Home,Hoa Sen Home - Tân Sáng Tạo Cửa hàng vật liệu xây dựng · 78g Cầu Phú Long,truong vinh,5 sao,Sản phẩm uy tín và chất lượng,5 tháng trước,True,2026-05-22T23:29:17
Hoa Sen Home,Hoa Sen Home - Tân Sáng Tạo Cửa hàng vật liệu xây dựng · 78g Cầu Phú Long,Trần Trung Kiên,5 sao,"Phục vụ chu đáo, hàng chất lượng giá hợp lý.",một tháng trước,True,2026-05-22T23:29:17
Hoa Sen Home,Hoa Sen Home - Tân Sáng Tạo Cửa hàng vật liệu xây dựng · 78g Cầu Phú Long,Thu Huyền,5 sao,,5 tháng trước,True,2026-05-22T23:29:17
Hoa Sen Home,Hoa Sen Home - Tân Sáng Tạo Cửa hàng vật liệu xây dựng · 78g Cầu Phú Long,Hải Phượng Nguyễn,5 sao,,5 tháng trước,True,2026-05-22T23:29:17
Hoa Sen Home,Hoa Sen Home - Cửa Hàng Biên Hòa Cửa hàng vật liệu xây dựng · 282 Đ. Đồng Khởi,Tiên Thuỷ,5 sao,"sản phẩm tốt, uy tín và chất lượng, hàng đúng Hoa Sen, sẽ quy lại ủng hộ nếu có thêm nhu cầu",5 năm trước,True,2026-05-22T23:30:10
Hoa Sen Home,Hoa Sen Home - Cửa Hàng Biên Hòa Cửa hàng vật liệu xây dựng · 282 Đ. Đồng Khởi,Nguyen Phuong,5 sao,"Sản phẩm chất lượng và uy tín, mua nhiều chỗ nhưng thấy chỗ này giá OK và chính hãng của Hoa Sen nên khá yên tâm, mua mấy chỗ khác nhiều lúc ko kiểm tra dễ bị tráo hàng lắm.",6 năm trước,True,2026-05-22T23:30:10
Hoa Sen Home,Hoa Sen Home - Cửa Hàng Biên Hòa Cửa hàng vật liệu xây dựng · 282 Đ. Đồng Khởi,Võ Xuân Ngọc,5 sao,"Hàng hóa đúng chủng loại yêu cầu, giá cả tương đối hợp lý so với chỗ khác.Vì là CH của hoa sen nên rất tin tưởng về chất lượng.",6 năm trước,True,2026-05-22T23:30:10
Hoa Sen Home,Hoa Sen Home - Cửa Hàng Biên Hòa Cửa hàng vật liệu xây dựng · 282 Đ. Đồng Khởi,Liên Lê Thị Kim,5 sao,"Nơi mua sắm vật tư uy tín, đa dạng và được trải nghiệm",một năm trước,True,2026-05-22T23:30:10
Hoa Sen Home,Hoa Sen Home - Cửa Hàng Biên Hòa Cửa hàng vật liệu xây dựng · 282 Đ. Đồng Khởi,Kyduyen Luc,5 sao,"sản phẩm tốt, uy tín và chất lượng, hàng đúng Hoa Sen",5 năm trước,True,2026-05-22T23:30:10
Hoa Sen Home,Hoa Sen Home - Cửa Hàng Biên Hòa Cửa hàng vật liệu xây dựng · 282 Đ. Đồng Khởi,Hậu Nguyễn,5 sao,Đã mua hàng ở đây. Cảm thấy rất hài lòng.,7 năm trước,True,2026-05-22T23:30:10
Hoa Sen Home,Hoa Sen Home - Cửa Hàng Biên Hòa Cửa hàng vật liệu xây dựng · 282 Đ. Đồng Khởi,John8822mk,5 sao,"vật liệu đa dạng, giá hợp lý, phục vụ ổn.",một tháng trước,True,2026-05-22T23:30:10
Hoa Sen Home,Hoa Sen Home - Cửa Hàng Biên Hòa Cửa hàng vật liệu xây dựng · 282 Đ. Đồng Khởi,Bui Xuan Nam,5 sao,good job,Thời gian chỉnh sửa: 7 năm trước,True,2026-05-22T23:30:10
Hoa Sen Home,Hoa Sen Home - Cửa Hàng Biên Hòa Cửa hàng vật liệu xây dựng · 282 Đ. Đồng Khởi,Sơn Nguyễn,5 sao,,một tháng trước,True,2026-05-22T23:30:10
Hoa Sen Home,Hoa Sen Home - Cửa Hàng Biên Hòa Cửa hàng vật liệu xây dựng · 282 Đ. Đồng Khởi,Quan Hoang,5 sao,,một tháng trước,True,2026-05-22T23:30:10
Hoa Sen Home,Hoa Sen Home - Cửa Hàng Biên Hòa Cửa hàng vật liệu xây dựng · 282 Đ. Đồng Khởi,Long Minh,5 sao,,11 tháng trước,True,2026-05-22T23:30:10
Hoa Sen Home,Hoa Sen Home - Cửa Hàng Biên Hòa Cửa hàng vật liệu xây dựng · 282 Đ. Đồng Khởi,Cn Trảng Bom,5 sao,,6 năm trước,True,2026-05-22T23:30:10
Hoa Sen Home,Hoa Sen Home - Cửa Hàng Biên Hòa Cửa hàng vật liệu xây dựng · 282 Đ. Đồng Khởi,Phạm Lưu Niên,5 sao,,6 năm trước,True,2026-05-22T23:30:10
Hoa Sen Home,Hoa Sen Home - Cửa Hàng Biên Hòa Cửa hàng vật liệu xây dựng · 282 Đ. Đồng Khởi,Huong Do,5 sao,,7 năm trước,True,2026-05-22T23:30:10
Hoa Sen Home,Hoa Sen Home - Cửa Hàng Biên Hòa Cửa hàng vật liệu xây dựng · 282 Đ. Đồng Khởi,Nam Buixuan,5 sao,,7 năm trước,True,2026-05-22T23:30:10
Hoa Sen Home,"Hoa Sen Home - Cửa Hàng Thuận An Cửa hàng vật liệu xây dựng · XM2H+WJ9, Đ. Cách Mạng Tháng Tám",Doãn Hải,5 sao,"nhân viên nhiệt tình, tư vấn kỹ kang, giao hàng đúng",6 năm trước,True,2026-05-22T23:30:56
Hoa Sen Home,"Hoa Sen Home - Cửa Hàng Thuận An Cửa hàng vật liệu xây dựng · XM2H+WJ9, Đ. Cách Mạng Tháng Tám",Thái Thanh Vũ,4 sao,Mua tole Hoa Sen được bảo đảm chất lượng,4 năm trước,True,2026-05-22T23:30:56
Hoa Sen Home,"Hoa Sen Home - Cửa Hàng Thuận An Cửa hàng vật liệu xây dựng · XM2H+WJ9, Đ. Cách Mạng Tháng Tám",NguyensonDigital,4 sao,Khong du chung loai chon lua.,7 năm trước,True,2026-05-22T23:30:56
Hoa Sen Home,"Hoa Sen Home - Cửa Hàng Thuận An Cửa hàng vật liệu xây dựng · XM2H+WJ9, Đ. Cách Mạng Tháng Tám",Quý Khôi Phùng,1 sao,Gọi điện mấy lần k nghe máy,4 năm trước,True,2026-05-22T23:30:56
Hoa Sen Home,"Hoa Sen Home - Cửa Hàng Thuận An Cửa hàng vật liệu xây dựng · XM2H+WJ9, Đ. Cách Mạng Tháng Tám",An Thạnh - Bình Dương Hoa Sen,5 sao,tôn hoa sen bình dương,Thời gian chỉnh sửa: 2 năm trước,True,2026-05-22T23:30:56
Hoa Sen Home,"Hoa Sen Home - Cửa Hàng Thuận An Cửa hàng vật liệu xây dựng · XM2H+WJ9, Đ. Cách Mạng Tháng Tám",cong manh Nguyen,5 sao,Tôn Hoa Sen Chi Nhánh An Thạnh,7 năm trước,True,2026-05-22T23:30:56
Hoa Sen Home,"Hoa Sen Home - Cửa Hàng Thuận An Cửa hàng vật liệu xây dựng · XM2H+WJ9, Đ. Cách Mạng Tháng Tám",Anh Hoàng,4 sao,Rất rẻ,5 năm trước,True,2026-05-22T23:30:56
Hoa Sen Home,"Hoa Sen Home - Cửa Hàng Thuận An Cửa hàng vật liệu xây dựng · XM2H+WJ9, Đ. Cách Mạng Tháng Tám",Khoa Mr,1 sao,Nhân viên mất lịch sự,một tuần trước,True,2026-05-22T23:30:56
Hoa Sen Home,"Hoa Sen Home - Cửa Hàng Thuận An Cửa hàng vật liệu xây dựng · XM2H+WJ9, Đ. Cách Mạng Tháng Tám",Ngoc Lan Dao,4 sao,,một năm trước,True,2026-05-22T23:30:56
Hoa Sen Home,"Hoa Sen Home - Cửa Hàng Thuận An Cửa hàng vật liệu xây dựng · XM2H+WJ9, Đ. Cách Mạng Tháng Tám",Khoa LTM,5 sao,,3 năm trước,True,2026-05-22T23:30:56
Hoa Sen Home,"Hoa Sen Home - Cửa Hàng Thuận An Cửa hàng vật liệu xây dựng · XM2H+WJ9, Đ. Cách Mạng Tháng Tám",Mỷ Ngân Nguyễn Thị,5 sao,,3 năm trước,True,2026-05-22T23:30:56
Hoa Sen Home,"Hoa Sen Home - Cửa Hàng Thuận An Cửa hàng vật liệu xây dựng · XM2H+WJ9, Đ. Cách Mạng Tháng Tám",Thanh Minh audio,3 sao,,3 năm trước,True,2026-05-22T23:30:56
Hoa Sen Home,"Hoa Sen Home - Cửa Hàng Thuận An Cửa hàng vật liệu xây dựng · XM2H+WJ9, Đ. Cách Mạng Tháng Tám",Hung Phan,5 sao,,4 năm trước,True,2026-05-22T23:30:56
Hoa Sen Home,"Hoa Sen Home - Cửa Hàng Thuận An Cửa hàng vật liệu xây dựng · XM2H+WJ9, Đ. Cách Mạng Tháng Tám",Thuật Nguyễn,5 sao,,5 năm trước,True,2026-05-22T23:30:56
Hoa Sen Home,"Hoa Sen Home - Cửa Hàng Thuận An Cửa hàng vật liệu xây dựng · XM2H+WJ9, Đ. Cách Mạng Tháng Tám",be ut,5 sao,,6 năm trước,True,2026-05-22T23:30:56
Hoa Sen Home,"HOA SEN HOME - Bà Rịa 2 - Vũng Tàu Cửa hàng vật liệu xây dựng · G6P2+FVV, QL56",Đỗ Nguyễn Thành Tiến,5 sao,"Trải nghiệm mua hàng tuyệt vời, nhân viên hỗ trợ nhiệt tình, đầy đủ các loại mặt hàng cần thiết khi xây dựng. Nói chung là rất đáng đồng tiền khi trải nghiệm dịch vụ, xây nhà xong cũng yên tâm.",3 tuần trước,True,2026-05-22T23:31:45
Hoa Sen Home,"HOA SEN HOME - Bà Rịa 2 - Vũng Tàu Cửa hàng vật liệu xây dựng · G6P2+FVV, QL56",Thạc Hương Nhà Hàng,5 sao,Nhân viên vui vẻ nhiệt tình thân thiện,3 tuần trước,True,2026-05-22T23:31:45
Hoa Sen Home,"HOA SEN HOME - Bà Rịa 2 - Vũng Tàu Cửa hàng vật liệu xây dựng · G6P2+FVV, QL56",Thach Doan Dinh,5 sao,"Sản phẩm đa dạng, chất lượng, uy tín, nhân viên vui vẻ nhiệt tình.",4 tuần trước,True,2026-05-22T23:31:45
Hoa Sen Home,"HOA SEN HOME - Bà Rịa 2 - Vũng Tàu Cửa hàng vật liệu xây dựng · G6P2+FVV, QL56",luan nguyen,5 sao,Hàng hóa chất lượng thương hiệu Hoa Sen,một tháng trước,True,2026-05-22T23:31:45
Hoa Sen Home,"HOA SEN HOME - Bà Rịa 2 - Vũng Tàu Cửa hàng vật liệu xây dựng · G6P2+FVV, QL56",Le Tuan,5 sao,"Sản phẩm chất lượng tốt, đúng giá không đau ví - được bảo hành theo tiêu chuẩn, nhân viên thân thiện và lễ phép, Rất hài lòng và sẽ quay lại lần sau !",một tháng trước,True,2026-05-22T23:31:45
Hoa Sen Home,"HOA SEN HOME - Bà Rịa 2 - Vũng Tàu Cửa hàng vật liệu xây dựng · G6P2+FVV, QL56",NgHuyThạc 47,5 sao,Đúng giá - đúng chất lượng - được bảo hành,một tháng trước,True,2026-05-22T23:31:45
Hoa Sen Home,"HOA SEN HOME - Bà Rịa 2 - Vũng Tàu Cửa hàng vật liệu xây dựng · G6P2+FVV, QL56",Vu Huynh,5 sao,"Nhân viên thân thiện nhiệt tình tư vấn, đa dạng sản phẩm và nhiều thương hiệu để lựa chọn.",một tháng trước,True,2026-05-22T23:31:45
Hoa Sen Home,"HOA SEN HOME - Bà Rịa 2 - Vũng Tàu Cửa hàng vật liệu xây dựng · G6P2+FVV, QL56",Phương Phạm,5 sao,"Chúc siêu thị vật liệu xây dựng khai trương hồng phát, không ngừng vươn xa, trở thành đối tác chiến lược tin cậy của các nhà thầu và người tiêu dùng.
Chúc siêu thị xây dựng vững niềm tin, kiến tạo nên những công trình bền đẹp và thịnh vượng.",một tháng trước,True,2026-05-22T23:31:45
Hoa Sen Home,"HOA SEN HOME - Bà Rịa 2 - Vũng Tàu Cửa hàng vật liệu xây dựng · G6P2+FVV, QL56",Anh thy Nguyễn,5 sao,"Uy tín,chất lượng",một tháng trước,True,2026-05-22T23:31:45
Hoa Sen Home,"HOA SEN HOME - Bà Rịa 2 - Vũng Tàu Cửa hàng vật liệu xây dựng · G6P2+FVV, QL56",MASTER _ DUC,5 sao,"sản phẩm tốt chất lượng,",một tháng trước,True,2026-05-22T23:31:45
Hoa Sen Home,"HOA SEN HOME - Bà Rịa 2 - Vũng Tàu Cửa hàng vật liệu xây dựng · G6P2+FVV, QL56",khuc nguyen,5 sao,"sản phẩm thiết bị nhà tắm &  nhà bếp tại đây rất nhiều mẫu cho mình chọn lựa luôn. Giá hợp lý, hàng rõ nguồn gốc. MN nên ghé trải nghiệm, mua sắm",một tháng trước,True,2026-05-22T23:31:45
Hoa Sen Home,"HOA SEN HOME - Bà Rịa 2 - Vũng Tàu Cửa hàng vật liệu xây dựng · G6P2+FVV, QL56",Sang Nguyen,5 sao,"Trưng bày nhiều hàng, mẫu mã đẹp, giá tốt.",một tháng trước,True,2026-05-22T23:31:45
Hoa Sen Home,"HOA SEN HOME - Bà Rịa 2 - Vũng Tàu Cửa hàng vật liệu xây dựng · G6P2+FVV, QL56",Lê Thiên An,5 sao,"Hàng hoá đa dạng, chất lượng tốt, giá hợp lý",một tháng trước,True,2026-05-22T23:31:45
Hoa Sen Home,"HOA SEN HOME - Bà Rịa 2 - Vũng Tàu Cửa hàng vật liệu xây dựng · G6P2+FVV, QL56",Nhật Duy Cao,5 sao,Trải nghiệm tuyệt vời ở Hoa Sen Home,một tháng trước,True,2026-05-22T23:31:45
Hoa Sen Home,"HOA SEN HOME - Bà Rịa 2 - Vũng Tàu Cửa hàng vật liệu xây dựng · G6P2+FVV, QL56",Nguyen Binh,5 sao,Tuyệt vời.^^,một tháng trước,True,2026-05-22T23:31:45
Hoa Sen Home,"HOA SEN HOME - Bà Rịa 2 - Vũng Tàu Cửa hàng vật liệu xây dựng · G6P2+FVV, QL56",Hữu Phước Nguyễn,5 sao,,một tuần trước,True,2026-05-22T23:31:45
Hoa Sen Home,"HOA SEN HOME - Bà Rịa 2 - Vũng Tàu Cửa hàng vật liệu xây dựng · G6P2+FVV, QL56",Tống Xuân Đức - D07,5 sao,,một tháng trước,True,2026-05-22T23:31:45
Hoa Sen Home,"HOA SEN HOME - Bà Rịa 2 - Vũng Tàu Cửa hàng vật liệu xây dựng · G6P2+FVV, QL56",Khoa Diệp Trần Anh,5 sao,,một tháng trước,True,2026-05-22T23:31:45
Hoa Sen Home,"HOA SEN HOME - Bà Rịa 2 - Vũng Tàu Cửa hàng vật liệu xây dựng · G6P2+FVV, QL56",Tâm Nguyễn Viết,5 sao,,một tháng trước,True,2026-05-22T23:31:45
Hoa Sen Home,"HOA SEN HOME - Bà Rịa 2 - Vũng Tàu Cửa hàng vật liệu xây dựng · G6P2+FVV, QL56",Vinh Lai Chí,5 sao,,một tháng trước,True,2026-05-22T23:31:45
Hoa Sen Home,"HOA SEN HOME - Bà Rịa 2 - Vũng Tàu Cửa hàng vật liệu xây dựng · G6P2+FVV, QL56",Duy Võ Bảo,5 sao,,một tháng trước,True,2026-05-22T23:31:45
Hoa Sen Home,"HOA SEN HOME - Bà Rịa 2 - Vũng Tàu Cửa hàng vật liệu xây dựng · G6P2+FVV, QL56",Hữu Phước Nguyễn,5 sao,,một tháng trước,True,2026-05-22T23:31:45
Hoa Sen Home,Showroom Gạch Men & TBVS - Hoa Sen Home Cửa hàng gạch ốp lát · 81 Phạm Ngọc Thạch,Ha Pham,5 sao,"Nhiều mẫu mã mới đẹp , đa dạng , Hoa Sen uy tín xưa giờ . Sẽ quay lại ủng hộ !!!",2 tuần trước,True,2026-05-22T23:32:25
Hoa Sen Home,Showroom Gạch Men & TBVS - Hoa Sen Home Cửa hàng gạch ốp lát · 81 Phạm Ngọc Thạch,Tien Nguyen,5 sao,Rất hài lòng về sản phẩm và dịch vụ,2 tuần trước,True,2026-05-22T23:32:25
Hoa Sen Home,Showroom Gạch Men & TBVS - Hoa Sen Home Cửa hàng gạch ốp lát · 81 Phạm Ngọc Thạch,Nguyễn Vũ Hoài Dương,5 sao,Sắp tới xây nhà sẽ ủng hộ showroom tiếp.,2 tuần trước,True,2026-05-22T23:32:25
Hoa Sen Home,Showroom Gạch Men & TBVS - Hoa Sen Home Cửa hàng gạch ốp lát · 81 Phạm Ngọc Thạch,Trúc Thanh,5 sao,"Hàng uy tín, chất lượng, giá cả rõ ràng, được hỗ trợ tận tình trong quá trình chọn và mua hàng",2 tuần trước,True,2026-05-22T23:32:25
Hoa Sen Home,Showroom Gạch Men & TBVS - Hoa Sen Home Cửa hàng gạch ốp lát · 81 Phạm Ngọc Thạch,Vân Nguyễn Lê,5 sao,Nhiều gạch đẹp,2 tuần trước,True,2026-05-22T23:32:25
Hoa Sen Home,Showroom Gạch Men & TBVS - Hoa Sen Home Cửa hàng gạch ốp lát · 81 Phạm Ngọc Thạch,Thiện Nguyễn Quang,5 sao,,2 tuần trước,True,2026-05-22T23:32:25
Hoa Sen Home,Showroom Gạch Men & TBVS - Hoa Sen Home Cửa hàng gạch ốp lát · 81 Phạm Ngọc Thạch,THU MAI NGỌC DIỄM,5 sao,,2 tuần trước,True,2026-05-22T23:32:25
Hoa Sen Home,"Hoa Sen Home - Cửa Hàng Long Thành Văn phòng công ty ·  · Số 1617, Quốc lộ 51, Tổ 2, Ấp Phước Hòa",Bằng Nguyễn nhân,5 sao,Chuyện sân xuất ton xa go.nha xưởng.cty.risoc.vvv,5 tháng trước,True,2026-05-22T23:33:11
Hoa Sen Home,"Hoa Sen Home - Cửa Hàng Long Thành Văn phòng công ty ·  · Số 1617, Quốc lộ 51, Tổ 2, Ấp Phước Hòa",Toản Nguyễn,3 sao,Giá chát hơn so với mặt bằng chung.,7 tháng trước,True,2026-05-22T23:33:11
Hoa Sen Home,"Hoa Sen Home - Cửa Hàng Long Thành Văn phòng công ty ·  · Số 1617, Quốc lộ 51, Tổ 2, Ấp Phước Hòa",cong manh Nguyen,5 sao,Tôn hoa sen long thành là 1 trong 17 ch tôn hoa sen trong tỉnh đồng nai,5 năm trước,True,2026-05-22T23:33:11
Hoa Sen Home,"Hoa Sen Home - Cửa Hàng Long Thành Văn phòng công ty ·  · Số 1617, Quốc lộ 51, Tổ 2, Ấp Phước Hòa",Long Minh,5 sao,"Sản phẩm đa dạng
Chất lượng tốt",11 tháng trước,True,2026-05-22T23:33:11
Hoa Sen Home,"Hoa Sen Home - Cửa Hàng Long Thành Văn phòng công ty ·  · Số 1617, Quốc lộ 51, Tổ 2, Ấp Phước Hòa",hong huu,5 sao,ok,Thời gian chỉnh sửa: 10 tháng trước,True,2026-05-22T23:33:11
Hoa Sen Home,"Hoa Sen Home - Cửa Hàng Long Thành Văn phòng công ty ·  · Số 1617, Quốc lộ 51, Tổ 2, Ấp Phước Hòa",Kim Hoàng,5 sao,Tốt,6 năm trước,True,2026-05-22T23:33:11
Hoa Sen Home,"Hoa Sen Home - Cửa Hàng Long Thành Văn phòng công ty ·  · Số 1617, Quốc lộ 51, Tổ 2, Ấp Phước Hòa",Dac Huy Ngo,5 sao,,một năm trước,True,2026-05-22T23:33:11
Hoa Sen Home,"Hoa Sen Home - Cửa Hàng Long Thành Văn phòng công ty ·  · Số 1617, Quốc lộ 51, Tổ 2, Ấp Phước Hòa",Sơn Hà,1 sao,,một năm trước,True,2026-05-22T23:33:11
Hoa Sen Home,"Hoa Sen Home - Cửa Hàng Long Thành Văn phòng công ty ·  · Số 1617, Quốc lộ 51, Tổ 2, Ấp Phước Hòa",Chí Tranminh,5 sao,,một năm trước,True,2026-05-22T23:33:11
Hoa Sen Home,"Hoa Sen Home - Cửa Hàng Long Thành Văn phòng công ty ·  · Số 1617, Quốc lộ 51, Tổ 2, Ấp Phước Hòa",Vlnhducthan@yahoo.com.vn Vinhthanh,1 sao,,2 năm trước,True,2026-05-22T23:33:11
Hoa Sen Home,"Hoa Sen Home - Cửa Hàng Long Thành Văn phòng công ty ·  · Số 1617, Quốc lộ 51, Tổ 2, Ấp Phước Hòa",to nhat Manh,3 sao,,2 năm trước,True,2026-05-22T23:33:11
Hoa Sen Home,"Hoa Sen Home - Cửa Hàng Long Thành Văn phòng công ty ·  · Số 1617, Quốc lộ 51, Tổ 2, Ấp Phước Hòa",Tân Nguyễn,1 sao,,3 năm trước,True,2026-05-22T23:33:11
Hoa Sen Home,"Hoa Sen Home - Cửa Hàng Long Thành Văn phòng công ty ·  · Số 1617, Quốc lộ 51, Tổ 2, Ấp Phước Hòa",kisaht nratto,5 sao,,6 năm trước,True,2026-05-22T23:33:11
Hoa Sen Home,"Hoa Sen Home - Cửa Hàng Long Thành Văn phòng công ty ·  · Số 1617, Quốc lộ 51, Tổ 2, Ấp Phước Hòa",Phạm Lưu Niên,5 sao,,6 năm trước,True,2026-05-22T23:33:11
Hoa Sen Home,"Hoa Sen Home - Cửa Hàng Long Thành Văn phòng công ty ·  · Số 1617, Quốc lộ 51, Tổ 2, Ấp Phước Hòa",longthanh hoasen,5 sao,,6 năm trước,True,2026-05-22T23:33:11
Hoa Sen Home,HOA SEN HOME- TÂN UYÊN- BÌNH DƯƠNG Nhà cung cấp vật liệu xây dựng · ĐT742,Vy Nguyen,5 sao,"Tận tâm, chuyên nghiệp, thái độ phục vụ tốt, nhiệt tình, giá cả phù hợp",11 tháng trước,True,2026-05-22T23:33:56
Hoa Sen Home,HOA SEN HOME- TÂN UYÊN- BÌNH DƯƠNG Nhà cung cấp vật liệu xây dựng · ĐT742,huê trần,5 sao,"Thái độ phục vụ tốt, nhiệt tình, tận tâm với KH",11 tháng trước,True,2026-05-22T23:33:56
Hoa Sen Home,HOA SEN HOME- TÂN UYÊN- BÌNH DƯƠNG Nhà cung cấp vật liệu xây dựng · ĐT742,Long Nguyễn Đức,5 sao,"CH có đầy đủ các mặt hàng, nhân viên tư vấn nhiệt tình",11 tháng trước,True,2026-05-22T23:33:56
Hoa Sen Home,HOA SEN HOME- TÂN UYÊN- BÌNH DƯƠNG Nhà cung cấp vật liệu xây dựng · ĐT742,Thang Nguyen,5 sao,"Cửa hàng phục vụ nhiệt tình, sản phẩm chất lượng 👍 …",2 năm trước,True,2026-05-22T23:33:56
Hoa Sen Home,HOA SEN HOME- TÂN UYÊN- BÌNH DƯƠNG Nhà cung cấp vật liệu xây dựng · ĐT742,Văn Tài Trần,2 sao,Không biết địa điểm trên!!!,3 năm trước,True,2026-05-22T23:33:56
Hoa Sen Home,HOA SEN HOME- TÂN UYÊN- BÌNH DƯƠNG Nhà cung cấp vật liệu xây dựng · ĐT742,kha nguyen,5 sao,OK,3 năm trước,True,2026-05-22T23:33:56
Hoa Sen Home,HOA SEN HOME- TÂN UYÊN- BÌNH DƯƠNG Nhà cung cấp vật liệu xây dựng · ĐT742,hoàng nguyễn,5 sao,,11 tháng trước,True,2026-05-22T23:33:56
Hoa Sen Home,HOA SEN HOME- TÂN UYÊN- BÌNH DƯƠNG Nhà cung cấp vật liệu xây dựng · ĐT742,THANH NGUYỄN,4 sao,,một năm trước,True,2026-05-22T23:33:56
Hoa Sen Home,HOA SEN HOME- TÂN UYÊN- BÌNH DƯƠNG Nhà cung cấp vật liệu xây dựng · ĐT742,Huê Trần,5 sao,,2 năm trước,True,2026-05-22T23:33:56
Hoa Sen Home,HOA SEN HOME- TÂN UYÊN- BÌNH DƯƠNG Nhà cung cấp vật liệu xây dựng · ĐT742,Phất Lê Trương,5 sao,,2 năm trước,True,2026-05-22T23:33:56
Hoa Sen Home,HOA SEN HOME- TÂN UYÊN- BÌNH DƯƠNG Nhà cung cấp vật liệu xây dựng · ĐT742,Dai Ly,5 sao,,6 năm trước,True,2026-05-22T23:33:56
Hoa Sen Home,"Hoa Sen Home - Cửa Hàng Cần Giuộc Văn phòng công ty · Thửa đất số 600, tờ bản đồ số 17, QL50",Tân Nguyễn Phúc Gia,5 sao,"nhân viên thân thiện, hàng bền tốt đúng giá",một năm trước,True,2026-05-22T23:34:39
Hoa Sen Home,"Hoa Sen Home - Cửa Hàng Cần Giuộc Văn phòng công ty · Thửa đất số 600, tờ bản đồ số 17, QL50",Người Khám phá Việt Nam,5 sao,Của hàng mới khai truong,6 năm trước,True,2026-05-22T23:34:39
Hoa Sen Home,"Hoa Sen Home - Cửa Hàng Cần Giuộc Văn phòng công ty · Thửa đất số 600, tờ bản đồ số 17, QL50",Hua John,1 sao,Nhân viên quá tệ,5 năm trước,True,2026-05-22T23:34:39
Hoa Sen Home,"Hoa Sen Home - Cửa Hàng Cần Giuộc Văn phòng công ty · Thửa đất số 600, tờ bản đồ số 17, QL50",Nghia Huu,5 sao,Rất tốt,6 năm trước,True,2026-05-22T23:34:39
Hoa Sen Home,"Hoa Sen Home - Cửa Hàng Cần Giuộc Văn phòng công ty · Thửa đất số 600, tờ bản đồ số 17, QL50",KỲ DUYÊN 4/1,4 sao,Nhiệt tình,5 năm trước,True,2026-05-22T23:34:39
Hoa Sen Home,"Hoa Sen Home - Cửa Hàng Cần Giuộc Văn phòng công ty · Thửa đất số 600, tờ bản đồ số 17, QL50",Thanh Bình Official,5 sao,tốt,6 năm trước,True,2026-05-22T23:34:39
Hoa Sen Home,"Hoa Sen Home - Cửa Hàng Cần Giuộc Văn phòng công ty · Thửa đất số 600, tờ bản đồ số 17, QL50",Mai Anh Tuấn,5 sao,,5 tháng trước,True,2026-05-22T23:34:39
Hoa Sen Home,"Hoa Sen Home - Cửa Hàng Cần Giuộc Văn phòng công ty · Thửa đất số 600, tờ bản đồ số 17, QL50",Khoa LTM,5 sao,,2 năm trước,True,2026-05-22T23:34:39
Hoa Sen Home,"Hoa Sen Home - Cửa Hàng Cần Giuộc Văn phòng công ty · Thửa đất số 600, tờ bản đồ số 17, QL50",Kha Tích Nguyên,5 sao,,3 năm trước,True,2026-05-22T23:34:39
Hoa Sen Home,"Hoa Sen Home - Cửa Hàng Cần Giuộc Văn phòng công ty · Thửa đất số 600, tờ bản đồ số 17, QL50",Vinh Nguyễn Hữu,5 sao,,3 năm trước,True,2026-05-22T23:34:39
Hoa Sen Home,"Hoa Sen Home - Cửa Hàng Cần Giuộc Văn phòng công ty · Thửa đất số 600, tờ bản đồ số 17, QL50",Son Duong,4 sao,,3 năm trước,True,2026-05-22T23:34:39
Hoa Sen Home,"Hoa Sen Home - Cửa Hàng Cần Giuộc Văn phòng công ty · Thửa đất số 600, tờ bản đồ số 17, QL50",David Nguyen,5 sao,,3 năm trước,True,2026-05-22T23:34:39
Hoa Sen Home,"Hoa Sen Home - Cửa Hàng Cần Giuộc Văn phòng công ty · Thửa đất số 600, tờ bản đồ số 17, QL50",NGUYỄN HOÀNG QUỐC HUY,5 sao,,4 năm trước,True,2026-05-22T23:34:39
Hoa Sen Home,"Hoa Sen Home - Cửa Hàng Cần Giuộc Văn phòng công ty · Thửa đất số 600, tờ bản đồ số 17, QL50",Hà Thanh Lê,5 sao,,5 năm trước,True,2026-05-22T23:34:39
Hoa Sen Home,"Hoa Sen Home - Cửa Hàng Cần Giuộc Văn phòng công ty · Thửa đất số 600, tờ bản đồ số 17, QL50",Huynh Tran Tuan Kiet,4 sao,,5 năm trước,True,2026-05-22T23:34:39
Hoa Sen Home,"Hoa Sen Home - Cửa Hàng Cần Giuộc Văn phòng công ty · Thửa đất số 600, tờ bản đồ số 17, QL50",Trung Đặng,4 sao,,5 năm trước,True,2026-05-22T23:34:39
Hoa Sen Home,"Hoa Sen Home - Cửa Hàng Cần Giuộc Văn phòng công ty · Thửa đất số 600, tờ bản đồ số 17, QL50",Truyền,5 sao,,6 năm trước,True,2026-05-22T23:34:39
Hoa Sen Home,"Hoa Sen Home - Cửa Hàng Cần Giuộc Văn phòng công ty · Thửa đất số 600, tờ bản đồ số 17, QL50",Thanhthanhduy Duy,5 sao,,6 năm trước,True,2026-05-22T23:34:39
Hoa Sen Home,HOA SEN HOME - CẦN GIỜ - TP.HCM Nhà cung cấp vật liệu xây dựng · 784 Duyên Hải,Cường Võ Mạnh,5 sao,dịch vụ ok,một tháng trước,True,2026-05-22T23:35:55
Hoa Sen Home,HOA SEN HOME - CẦN GIỜ - TP.HCM Nhà cung cấp vật liệu xây dựng · 784 Duyên Hải,Ngo Xuan Dang,5 sao,,5 tháng trước,True,2026-05-22T23:35:55
Hoa Sen Home,HOA SEN HOME - DẦU TIẾNG - BÌNH DƯƠNG Nhà cung cấp vật liệu xây dựng · 79F8+6HP,NgHuyThạc 47,5 sao,"Tuyệt vời lắm ạ , đúng giá đúng chất lượng",2 tháng trước,True,2026-05-22T23:38:25
Hoa Sen Home,HOA SEN HOME - DẦU TIẾNG - BÌNH DƯƠNG Nhà cung cấp vật liệu xây dựng · 79F8+6HP,Lam Hoang,5 sao,Tuyệt,3 năm trước,True,2026-05-22T23:38:25
Hoa Sen Home,HOA SEN HOME - DẦU TIẾNG - BÌNH DƯƠNG Nhà cung cấp vật liệu xây dựng · 79F8+6HP,Trung Kiên Phạm,3 sao,Ok,6 năm trước,True,2026-05-22T23:38:25
Hoa Sen Home,HOA SEN HOME - DẦU TIẾNG - BÌNH DƯƠNG Nhà cung cấp vật liệu xây dựng · 79F8+6HP,Smith Olivia (Annie Nguyen),4 sao,,6 tháng trước,True,2026-05-22T23:38:25
Hoa Sen Home,HOA SEN HOME - DẦU TIẾNG - BÌNH DƯƠNG Nhà cung cấp vật liệu xây dựng · 79F8+6HP,Lê Thiên An,5 sao,,một năm trước,True,2026-05-22T23:38:25
Hoa Sen Home,HOA SEN HOME - DẦU TIẾNG - BÌNH DƯƠNG Nhà cung cấp vật liệu xây dựng · 79F8+6HP,Thuật Nguyễn,5 sao,,Thời gian chỉnh sửa: một năm trước,True,2026-05-22T23:38:25
Hoa Sen Home,HOA SEN HOME - DẦU TIẾNG - BÌNH DƯƠNG Nhà cung cấp vật liệu xây dựng · 79F8+6HP,Khoa LTM,5 sao,,2 năm trước,True,2026-05-22T23:38:25
Hoa Sen Home,HOA SEN HOME - DẦU TIẾNG - BÌNH DƯƠNG Nhà cung cấp vật liệu xây dựng · 79F8+6HP,Thọ Phan,5 sao,,3 năm trước,True,2026-05-22T23:38:25
Hoa Sen Home,HOA SEN HOME - DẦU TIẾNG - BÌNH DƯƠNG Nhà cung cấp vật liệu xây dựng · 79F8+6HP,Loi Tran,5 sao,,3 năm trước,True,2026-05-22T23:38:25
Hoa Sen Home,HOA SEN HOME - DẦU TIẾNG - BÌNH DƯƠNG Nhà cung cấp vật liệu xây dựng · 79F8+6HP,thị quế linh vũ,5 sao,,3 năm trước,True,2026-05-22T23:38:25
Hoa Sen Home,HOA SEN HOME - DẦU TIẾNG - BÌNH DƯƠNG Nhà cung cấp vật liệu xây dựng · 79F8+6HP,trường nguyễn,5 sao,,6 năm trước,True,2026-05-22T23:38:25
Hoa Sen Home,HOA SEN HOME - DẦU TIẾNG - BÌNH DƯƠNG Nhà cung cấp vật liệu xây dựng · 79F8+6HP,Man Tran,4 sao,,6 năm trước,True,2026-05-22T23:38:25
Hoa Sen Home,HOA SEN HOME - DẦU TIẾNG - BÌNH DƯƠNG Nhà cung cấp vật liệu xây dựng · 79F8+6HP,Hyundai Bình Phước O9O7OO9292,4 sao,,6 năm trước,True,2026-05-22T23:38:25
Hoa Sen Home,HOA SEN HOME BẾN CÁT Cửa hàng vật liệu xây dựng · 3 QL13,Tuyền Nguyễn Kim,5 sao,"Nhân viên tư vấn nhiệt tình, giao hàng nhanh chóng",5 tháng trước,True,2026-05-22T23:39:45
Hoa Sen Home,HOA SEN HOME BẾN CÁT Cửa hàng vật liệu xây dựng · 3 QL13,Takana,5 sao,"Nhân viên tư vấn nhiệt tình, giao hàng nhanh chóng",5 tháng trước,True,2026-05-22T23:39:45
Hoa Sen Home,HOA SEN HOME BẾN CÁT Cửa hàng vật liệu xây dựng · 3 QL13,Huyền Huỳnh Hải,5 sao,"Hàng chất lượng, nhân viên tư vấn nhiệt tình",5 tháng trước,True,2026-05-22T23:39:45
Hoa Sen Home,HOA SEN HOME BẾN CÁT Cửa hàng vật liệu xây dựng · 3 QL13,Thanh Thuỳ Nguyễn,5 sao,"Tư vấn nhiệt tình, hàng chất lượng cao, giao hàng nhanh chóng",5 tháng trước,True,2026-05-22T23:39:45
Hoa Sen Home,HOA SEN HOME BẾN CÁT Cửa hàng vật liệu xây dựng · 3 QL13,Anh Lan,5 sao,"Giao hàng nhanh chóng, chất lượng, nhân viên hỗ trợ nhiệt tình. Ngoài mong đợi",5 tháng trước,True,2026-05-22T23:39:45
Hoa Sen Home,HOA SEN HOME BẾN CÁT Cửa hàng vật liệu xây dựng · 3 QL13,Thị Ánh Mai,5 sao,Tư vấn nhiệt tình giao hàng nhanh chóg,5 tháng trước,True,2026-05-22T23:39:45
Hoa Sen Home,HOA SEN HOME BẾN CÁT Cửa hàng vật liệu xây dựng · 3 QL13,Thanh Huy Hồ,5 sao,"Nhân viên tư vấn nhiệt tình, giao hàng nhanh chóng",10 tháng trước,True,2026-05-22T23:39:45
Hoa Sen Home,HOA SEN HOME BẾN CÁT Cửa hàng vật liệu xây dựng · 3 QL13,Nguyễn Ngọc Yến Linh,5 sao,"Nhân viên tư vấn nhiệt tình, chất lượng tốt",5 tháng trước,True,2026-05-22T23:39:45
Hoa Sen Home,HOA SEN HOME BẾN CÁT Cửa hàng vật liệu xây dựng · 3 QL13,Trung Lê,5 sao,Hàng chất lượng tốt. Sẽ ủng hộ lần sau,7 tháng trước,True,2026-05-22T23:39:45
Hoa Sen Home,HOA SEN HOME BẾN CÁT Cửa hàng vật liệu xây dựng · 3 QL13,xuan huynh,5 sao,"Giao hàng nhanh chóng
Tư vấn nhiệt tình",10 tháng trước,True,2026-05-22T23:39:45
Hoa Sen Home,HOA SEN HOME BẾN CÁT Cửa hàng vật liệu xây dựng · 3 QL13,Dương Nguyễn Hải,5 sao,"Hàng tốt , nhân viên tư vấn nhiệt tình, giao hàng đúng h tận nơi",một tuần trước,True,2026-05-22T23:39:45
Hoa Sen Home,HOA SEN HOME BẾN CÁT Cửa hàng vật liệu xây dựng · 3 QL13,Anh Thư Phan Thị,5 sao,,5 tháng trước,True,2026-05-22T23:39:45
Hoa Sen Home,"Hoa Sen Home - Cửa Hàng Phú Mỹ 2 Dịch vụ mài sắc · QL51, Khu Phố Bến Đình",Nghị Trần Hữu,5 sao,"Cửa hàng đẹp, rộng, nhiều sản phẩm chất lương, nhân viên nhiệt tình",11 tháng trước,True,2026-05-22T23:40:26
Hoa Sen Home,"Hoa Sen Home - Cửa Hàng Phú Mỹ 2 Dịch vụ mài sắc · QL51, Khu Phố Bến Đình",le Thanh,5 sao,"Chất lượng tốt, nhân viên nhiệt tình. Mua hàng rất yên tâm",2 năm trước,True,2026-05-22T23:40:26
Hoa Sen Home,"Hoa Sen Home - Cửa Hàng Phú Mỹ 2 Dịch vụ mài sắc · QL51, Khu Phố Bến Đình",Phạm Lưu Niên,5 sao,"Nhân viên nhiệt tình, giá cả phải chăng, hàng hóa chất lượng. GOOD!",5 năm trước,True,2026-05-22T23:40:26
Hoa Sen Home,"Hoa Sen Home - Cửa Hàng Phú Mỹ 2 Dịch vụ mài sắc · QL51, Khu Phố Bến Đình",Lương Nguyễn,5 sao,Hợp lý . giá cả phải chăng,5 năm trước,True,2026-05-22T23:40:26
Hoa Sen Home,"Hoa Sen Home - Cửa Hàng Phú Mỹ 2 Dịch vụ mài sắc · QL51, Khu Phố Bến Đình",Thanh Tuyen Nguyen,4 sao,Đa dạng sản phẩm,4 năm trước,True,2026-05-22T23:40:26
Hoa Sen Home,"Hoa Sen Home - Cửa Hàng Phú Mỹ 2 Dịch vụ mài sắc · QL51, Khu Phố Bến Đình",TIỆN LỤC,5 sao,Max,4 năm trước,True,2026-05-22T23:40:26
Hoa Sen Home,"Hoa Sen Home - Cửa Hàng Phú Mỹ 2 Dịch vụ mài sắc · QL51, Khu Phố Bến Đình",Sỹ Phan,5 sao,,3 năm trước,True,2026-05-22T23:40:26
Hoa Sen Home,"Hoa Sen Home - Cửa Hàng Phú Mỹ 2 Dịch vụ mài sắc · QL51, Khu Phố Bến Đình",Hon Nguyen,4 sao,,4 năm trước,True,2026-05-22T23:40:26
Hoa Sen Home,"Hoa Sen Home - Cửa Hàng Phú Mỹ 2 Dịch vụ mài sắc · QL51, Khu Phố Bến Đình",Thong Nguyen,5 sao,,5 năm trước,True,2026-05-22T23:40:26
Hoa Sen Home,"Hoa Sen Home - Cửa Hàng Phú Mỹ 2 Dịch vụ mài sắc · QL51, Khu Phố Bến Đình",Ngọc Đậu Văn,5 sao,,5 năm trước,True,2026-05-22T23:40:26
Hoa Sen Home,Hoa Sen Home Đồng Phú Cửa hàng vật liệu xây dựng · 66 Cách Mạng Tháng Tám,Hoang Tran,5 sao,Đã mua hàng rất rốt,4 ngày trước,True,2026-05-22T23:41:06
Hoa Sen Home,Hoa Sen Home Đồng Phú Cửa hàng vật liệu xây dựng · 66 Cách Mạng Tháng Tám,thanhsy tran,5 sao,Nơi cung cấp vật liệu xây dựng uy tín và chất lượng,4 ngày trước,True,2026-05-22T23:41:06
Hoa Sen Home,Hoa Sen Home Đồng Phú Cửa hàng vật liệu xây dựng · 66 Cách Mạng Tháng Tám,Tuấn Nguyễn,5 sao,Hoa Sen Home Đồng Phú cung cấp nhiều vật tư cho ngôi nhà của Bạn,6 ngày trước,True,2026-05-22T23:41:06
Hoa Sen Home,Hoa Sen Home - Cửa Hàng Vũng Tàu Nhà cung cấp vật liệu xây dựng · 552 Bình Giã,Nghị Trần Hữu,5 sao,"Cửa hàng có nhiều mẫu mã đa dạng, chất lượng tốt, thương hiệu uy tín",11 tháng trước,True,2026-05-22T23:41:54
Hoa Sen Home,Hoa Sen Home - Cửa Hàng Vũng Tàu Nhà cung cấp vật liệu xây dựng · 552 Bình Giã,Nguyễn Thành Sơn,5 sao,Bán hàng phục vụ tận tình chu đáo,2 năm trước,True,2026-05-22T23:41:54
Hoa Sen Home,Hoa Sen Home - Cửa Hàng Vũng Tàu Nhà cung cấp vật liệu xây dựng · 552 Bình Giã,Tuan Pham,4 sao,Chuẩn bị cho 1 chương mới. Thành công hay thất bại bắt đầu từ hôm nay.,4 năm trước,True,2026-05-22T23:41:54
Hoa Sen Home,Hoa Sen Home - Cửa Hàng Vũng Tàu Nhà cung cấp vật liệu xây dựng · 552 Bình Giã,Lê Thiên An,5 sao,"Tôn đẹp, giá tốt. Nhân viên thân thiện. Nhiệt tình.",8 năm trước,True,2026-05-22T23:41:54
Hoa Sen Home,Hoa Sen Home - Cửa Hàng Vũng Tàu Nhà cung cấp vật liệu xây dựng · 552 Bình Giã,Van Tran,3 sao,Giá cáo hơn các cửa hàng khác 1 chút,6 năm trước,True,2026-05-22T23:41:54
Hoa Sen Home,Hoa Sen Home - Cửa Hàng Vũng Tàu Nhà cung cấp vật liệu xây dựng · 552 Bình Giã,Vũng Tàu Hoa Sen,5 sao,Cảm ơn Quý khách hàng đã ủng hộ,2 năm trước,True,2026-05-22T23:41:54
Hoa Sen Home,Hoa Sen Home - Cửa Hàng Vũng Tàu Nhà cung cấp vật liệu xây dựng · 552 Bình Giã,Phạm Minh Tân,5 sao,Giá công khai minh bạch,3 năm trước,True,2026-05-22T23:41:54
Hoa Sen Home,Hoa Sen Home - Cửa Hàng Vũng Tàu Nhà cung cấp vật liệu xây dựng · 552 Bình Giã,Binh Cao,5 sao,Rất Đẹp,2 năm trước,True,2026-05-22T23:41:54
Hoa Sen Home,Hoa Sen Home - Cửa Hàng Vũng Tàu Nhà cung cấp vật liệu xây dựng · 552 Bình Giã,THÂN LƯƠNG VĂN,5 sao,Nhân viên nhiệt tình,3 năm trước,True,2026-05-22T23:41:54
Hoa Sen Home,Hoa Sen Home - Cửa Hàng Vũng Tàu Nhà cung cấp vật liệu xây dựng · 552 Bình Giã,Bui Dinh Nguyen,5 sao,"Chất lượng, chuyên nghiệp",3 năm trước,True,2026-05-22T23:41:54
Hoa Sen Home,Hoa Sen Home - Cửa Hàng Vũng Tàu Nhà cung cấp vật liệu xây dựng · 552 Bình Giã,minhbao giaydantuong,5 sao,Được rồi,3 năm trước,True,2026-05-22T23:41:54
Hoa Sen Home,Hoa Sen Home - Cửa Hàng Vũng Tàu Nhà cung cấp vật liệu xây dựng · 552 Bình Giã,Vũng Tàu Oxy Y Tế,5 sao,,2 năm trước,True,2026-05-22T23:41:54
Hoa Sen Home,Hoa Sen Home - Cửa Hàng Vũng Tàu Nhà cung cấp vật liệu xây dựng · 552 Bình Giã,bac chien Nguyen,5 sao,,2 năm trước,True,2026-05-22T23:41:54
Hoa Sen Home,Hoa Sen Home - Cửa Hàng Vũng Tàu Nhà cung cấp vật liệu xây dựng · 552 Bình Giã,David Nguyen,1 sao,,3 năm trước,True,2026-05-22T23:41:54
Hoa Sen Home,Hoa Sen Home - Cửa Hàng Vũng Tàu Nhà cung cấp vật liệu xây dựng · 552 Bình Giã,hello supo,5 sao,,3 năm trước,True,2026-05-22T23:41:54
Hoa Sen Home,Hoa Sen Home - Cửa Hàng Vũng Tàu Nhà cung cấp vật liệu xây dựng · 552 Bình Giã,Khoa LTM,5 sao,,5 năm trước,True,2026-05-22T23:41:54
Hoa Sen Home,Hoa Sen Home - Cửa Hàng Vũng Tàu Nhà cung cấp vật liệu xây dựng · 552 Bình Giã,Phong Trần (healer),5 sao,,5 năm trước,True,2026-05-22T23:41:54
Hoa Sen Home,Hoa Sen Home - Cửa Hàng Vũng Tàu Nhà cung cấp vật liệu xây dựng · 552 Bình Giã,An Nguyen,5 sao,,5 năm trước,True,2026-05-22T23:41:54
Hoa Sen Home,Hoa Sen Home - Cửa Hàng Vũng Tàu Nhà cung cấp vật liệu xây dựng · 552 Bình Giã,Thang Truong,4 sao,,5 năm trước,True,2026-05-22T23:41:54
Hoa Sen Home,Hoa Sen Home - Cửa Hàng Vũng Tàu Nhà cung cấp vật liệu xây dựng · 552 Bình Giã,HGCWindow,4 sao,,7 năm trước,True,2026-05-22T23:41:54
Hoa Sen Home,"HOA SEN HOME Cửa hàng vật liệu xây dựng · MJ96+XQW, QL13",Tuấn Nguyễn,5 sao,Hoa Sen Home Bình Long nơi cung cấp đa dạng vật tư cho ngôi nhà của Bạn,6 ngày trước,True,2026-05-22T23:42:50
Hoa Sen Home,Hoa Sen Home - Xuyên Mộc - BRVT Nhà cung cấp vật liệu xây dựng · QL55 Thạnh Sơn,Hồng Bùi Văn,5 sao,Cũng cấp đầy đủ theo yêu cầu. Cảm kết chỉ bán hàng loại 1 được bảo hành.,6 năm trước,True,2026-05-22T23:43:39
Hoa Sen Home,Hoa Sen Home - Xuyên Mộc - BRVT Nhà cung cấp vật liệu xây dựng · QL55 Thạnh Sơn,Thach Doan Dinh,5 sao,"Hàng hóa đa dạng, chất lượng tốt, nhân viên tiếp đón niềm nở.",một năm trước,True,2026-05-22T23:43:39
Hoa Sen Home,Hoa Sen Home - Xuyên Mộc - BRVT Nhà cung cấp vật liệu xây dựng · QL55 Thạnh Sơn,Nguyễn Hoài Phúc (Nù),3 sao,"Giá cả tôn,sắt...ở đây cao hơn chút đỉnh những của hàng tương tự ở khu vực xung quanh",6 năm trước,True,2026-05-22T23:43:39
Hoa Sen Home,Hoa Sen Home - Xuyên Mộc - BRVT Nhà cung cấp vật liệu xây dựng · QL55 Thạnh Sơn,TỐT NGUYỄN,5 sao,"Vật tư đa dạng, kích thước tôn tùy theo ý khách đặt hàng, nhân viên bán hàng nhiệt tình ....",5 năm trước,True,2026-05-22T23:43:39
Hoa Sen Home,Hoa Sen Home - Xuyên Mộc - BRVT Nhà cung cấp vật liệu xây dựng · QL55 Thạnh Sơn,Tony Phèn,2 sao,Thương hiệu có tiếng.. nhưng sao chất lượng thấp quá…?,4 năm trước,True,2026-05-22T23:43:39
Hoa Sen Home,Hoa Sen Home - Xuyên Mộc - BRVT Nhà cung cấp vật liệu xây dựng · QL55 Thạnh Sơn,Tot Nguyenvan,5 sao,"Đầy đủ cho mọi nhu cầu, phục vụ tốt",5 năm trước,True,2026-05-22T23:43:39
Hoa Sen Home,Hoa Sen Home - Xuyên Mộc - BRVT Nhà cung cấp vật liệu xây dựng · QL55 Thạnh Sơn,Bé Của,5 sao,Đầy đủ chủng loại .,8 năm trước,True,2026-05-22T23:43:39
Hoa Sen Home,Hoa Sen Home - Xuyên Mộc - BRVT Nhà cung cấp vật liệu xây dựng · QL55 Thạnh Sơn,ba hanh nguyen,5 sao,"Đúng giá, đúng chất lượng",5 năm trước,True,2026-05-22T23:43:39
Hoa Sen Home,Hoa Sen Home - Xuyên Mộc - BRVT Nhà cung cấp vật liệu xây dựng · QL55 Thạnh Sơn,Giải trí Cùng Game,4 sao,Tốt,6 năm trước,True,2026-05-22T23:43:39
Hoa Sen Home,Hoa Sen Home - Xuyên Mộc - BRVT Nhà cung cấp vật liệu xây dựng · QL55 Thạnh Sơn,Phuc Nguyen,5 sao,Nhiệt tình.,6 năm trước,True,2026-05-22T23:43:39
Hoa Sen Home,Hoa Sen Home - Xuyên Mộc - BRVT Nhà cung cấp vật liệu xây dựng · QL55 Thạnh Sơn,Top Hay,4 sao,Chất lương,6 năm trước,True,2026-05-22T23:43:39
Hoa Sen Home,Hoa Sen Home - Xuyên Mộc - BRVT Nhà cung cấp vật liệu xây dựng · QL55 Thạnh Sơn,Trang Thùy,5 sao,Tốt,8 năm trước,True,2026-05-22T23:43:39
Hoa Sen Home,Hoa Sen Home - Xuyên Mộc - BRVT Nhà cung cấp vật liệu xây dựng · QL55 Thạnh Sơn,phạm hồng phúc,5 sao,"Tốt, tốt",Thời gian chỉnh sửa: 4 năm trước,True,2026-05-22T23:43:39
Hoa Sen Home,Hoa Sen Home - Xuyên Mộc - BRVT Nhà cung cấp vật liệu xây dựng · QL55 Thạnh Sơn,Hùng Trần quốc,5 sao,,7 tháng trước,True,2026-05-22T23:43:39
Hoa Sen Home,Hoa Sen Home - Xuyên Mộc - BRVT Nhà cung cấp vật liệu xây dựng · QL55 Thạnh Sơn,Đại Phước Trần,4 sao,,11 tháng trước,True,2026-05-22T23:43:39
Hoa Sen Home,Hoa Sen Home - Xuyên Mộc - BRVT Nhà cung cấp vật liệu xây dựng · QL55 Thạnh Sơn,Tống Xuân Đức - D07,5 sao,,11 tháng trước,True,2026-05-22T23:43:39
Hoa Sen Home,Hoa Sen Home - Xuyên Mộc - BRVT Nhà cung cấp vật liệu xây dựng · QL55 Thạnh Sơn,An Lê Thiên,5 sao,,một năm trước,True,2026-05-22T23:43:39
Hoa Sen Home,Hoa Sen Home - Xuyên Mộc - BRVT Nhà cung cấp vật liệu xây dựng · QL55 Thạnh Sơn,Hoài Hồ,5 sao,,một năm trước,True,2026-05-22T23:43:39
Hoa Sen Home,Hoa Sen Home - Xuyên Mộc - BRVT Nhà cung cấp vật liệu xây dựng · QL55 Thạnh Sơn,Khoa LTM,5 sao,,2 năm trước,True,2026-05-22T23:43:39
Hoa Sen Home,Hoa Sen Home - Xuyên Mộc - BRVT Nhà cung cấp vật liệu xây dựng · QL55 Thạnh Sơn,HONG THAM NGUYEN,5 sao,,4 năm trước,True,2026-05-22T23:43:39
Hoa Sen Home,Hoa Sen Home - Xuyên Mộc - BRVT Nhà cung cấp vật liệu xây dựng · QL55 Thạnh Sơn,Thùy Linh,5 sao,,6 năm trước,True,2026-05-22T23:43:39
Hoa Sen Home,Hoa Sen Home - Xuyên Mộc - BRVT Nhà cung cấp vật liệu xây dựng · QL55 Thạnh Sơn,Phu Seafood,3 sao,,6 năm trước,True,2026-05-22T23:43:39
Hoa Sen Home,Hoa Sen Home - Xuyên Mộc - BRVT Nhà cung cấp vật liệu xây dựng · QL55 Thạnh Sơn,MR Phước Tài,5 sao,,7 năm trước,True,2026-05-22T23:43:39
Hoa Sen Home,Hoa Sen Home - Xuyên Mộc - BRVT Nhà cung cấp vật liệu xây dựng · QL55 Thạnh Sơn,hung nguyen,1 sao,,7 năm trước,True,2026-05-22T23:43:39
Hoa Sen Home,Hoa Sen Home - Xuyên Mộc - BRVT Nhà cung cấp vật liệu xây dựng · QL55 Thạnh Sơn,huynh huu tan,2 sao,,8 năm trước,True,2026-05-22T23:43:39
Hoa Sen Home,"Hoa Sen Home Bắc Tân Uyên Cửa hàng vật liệu xây dựng · 5PJ2+M8H, Nguyễn Văn Thành",Nguyễn Hữu Trọng,5 sao,"CH sạch sẽ , nhân viên thân thiện , giá tốt uy tín 👍 …",9 tháng trước,True,2026-05-22T23:44:57
Hoa Sen Home,"Hoa Sen Home Bắc Tân Uyên Cửa hàng vật liệu xây dựng · 5PJ2+M8H, Nguyễn Văn Thành",Thái Phương,5 sao,,3 tháng trước,True,2026-05-22T23:44:57
Hoa Sen Home,"Hoa Sen Home Bắc Tân Uyên Cửa hàng vật liệu xây dựng · 5PJ2+M8H, Nguyễn Văn Thành",Quang Tiến Đỗ,5 sao,,6 tháng trước,True,2026-05-22T23:44:57
Hoa Sen Home,"Hoa Sen Home Bắc Tân Uyên Cửa hàng vật liệu xây dựng · 5PJ2+M8H, Nguyễn Văn Thành",Hoàng Liên,5 sao,,11 tháng trước,True,2026-05-22T23:44:57
Hoa Sen Home,"Hoa Sen Home Bắc Tân Uyên Cửa hàng vật liệu xây dựng · 5PJ2+M8H, Nguyễn Văn Thành",Quang Trường Nguyễn,5 sao,,một năm trước,True,2026-05-22T23:44:57
Hoa Sen Home,"Hoa Sen Home Bắc Tân Uyên Cửa hàng vật liệu xây dựng · 5PJ2+M8H, Nguyễn Văn Thành",Trường Nguyễn,5 sao,,một năm trước,True,2026-05-22T23:44:57
Hoa Sen Home,"Hoa Sen Home Bắc Tân Uyên Cửa hàng vật liệu xây dựng · 5PJ2+M8H, Nguyễn Văn Thành",Le Dinh,5 sao,,một năm trước,True,2026-05-22T23:44:57
Hoa Sen Home,"Hoa Sen Home Bắc Tân Uyên Cửa hàng vật liệu xây dựng · 5PJ2+M8H, Nguyễn Văn Thành",Thuật Nguyễn,5 sao,,một năm trước,True,2026-05-22T23:44:57
Hoa Sen Home,"Hoa Sen Home Bắc Tân Uyên Cửa hàng vật liệu xây dựng · 5PJ2+M8H, Nguyễn Văn Thành",Anh Tuấn,1 sao,,2 năm trước,True,2026-05-22T23:44:57
Hoa Sen Home,"Hoa Sen Home Bắc Tân Uyên Cửa hàng vật liệu xây dựng · 5PJ2+M8H, Nguyễn Văn Thành",Khoa LTM,5 sao,,2 năm trước,True,2026-05-22T23:44:57
Hoa Sen Home,"Hoa Sen Home Bắc Tân Uyên Cửa hàng vật liệu xây dựng · 5PJ2+M8H, Nguyễn Văn Thành",Phương Trường,5 sao,,3 năm trước,True,2026-05-22T23:44:57
Hoa Sen Home,"Hoa Sen Home - ĐẤT ĐỎ - Vũng Tàu Nhà cung cấp vật liệu xây dựng ·  · Đường tỉnh 52, tổ 6 Khu phố Hiệp Hòa",Thông Lương Viễn,4 sao,"Tôn Hoa Sen nằm trên đường Võ Thị Sáu, khu phố Hiệp Hoà, thị trấn Đất Đỏ, huyện Đất Đỏ, tỉnh Bà Rịa - Vũng Tàu (đối diên trường Trung học cơ sở Đất Đỏ).
Cửa hàng bán tôn lớn. Cán ép, bán các loại tôn.
Cửa hàng lớn, rộng rải, thoán mát. Được nhiều người chọn lựa.",Thời gian chỉnh sửa: 6 năm trước,True,2026-05-22T23:45:43
Hoa Sen Home,"Hoa Sen Home - ĐẤT ĐỎ - Vũng Tàu Nhà cung cấp vật liệu xây dựng ·  · Đường tỉnh 52, tổ 6 Khu phố Hiệp Hòa",Hoang Vu,4 sao,"Chủ yếu bán sắt tôn thép, trưng bày rất ít hàng gạch bồn lavabo...",6 tháng trước,True,2026-05-22T23:45:43
Hoa Sen Home,"Hoa Sen Home - ĐẤT ĐỎ - Vũng Tàu Nhà cung cấp vật liệu xây dựng ·  · Đường tỉnh 52, tổ 6 Khu phố Hiệp Hòa",Xuan Cao,4 sao,Tốt,Thời gian chỉnh sửa: 6 năm trước,True,2026-05-22T23:45:43
Hoa Sen Home,"Hoa Sen Home - ĐẤT ĐỎ - Vũng Tàu Nhà cung cấp vật liệu xây dựng ·  · Đường tỉnh 52, tổ 6 Khu phố Hiệp Hòa",Khoa LTM,5 sao,,2 năm trước,True,2026-05-22T23:45:43
Hoa Sen Home,"Hoa Sen Home - ĐẤT ĐỎ - Vũng Tàu Nhà cung cấp vật liệu xây dựng ·  · Đường tỉnh 52, tổ 6 Khu phố Hiệp Hòa",David Nguyen,1 sao,,3 năm trước,True,2026-05-22T23:45:43
Hoa Sen Home,"Hoa Sen Home - ĐẤT ĐỎ - Vũng Tàu Nhà cung cấp vật liệu xây dựng ·  · Đường tỉnh 52, tổ 6 Khu phố Hiệp Hòa",phuoc huynh,5 sao,,5 năm trước,True,2026-05-22T23:45:43
Hoa Sen Home,"Hoa Sen Home - ĐẤT ĐỎ - Vũng Tàu Nhà cung cấp vật liệu xây dựng ·  · Đường tỉnh 52, tổ 6 Khu phố Hiệp Hòa",NGUYEN QUYNH,4 sao,,5 năm trước,True,2026-05-22T23:45:43
Hoa Sen Home,"Hoa Sen Home - ĐẤT ĐỎ - Vũng Tàu Nhà cung cấp vật liệu xây dựng ·  · Đường tỉnh 52, tổ 6 Khu phố Hiệp Hòa",CHN TV,2 sao,,6 năm trước,True,2026-05-22T23:45:43
Hoa Sen Home,"Hoa Sen Home - ĐẤT ĐỎ - Vũng Tàu Nhà cung cấp vật liệu xây dựng ·  · Đường tỉnh 52, tổ 6 Khu phố Hiệp Hòa",Ngoc Minh,4 sao,,7 năm trước,True,2026-05-22T23:45:43
Hoa Sen Home,"Hoa Sen Home - ĐẤT ĐỎ - Vũng Tàu Nhà cung cấp vật liệu xây dựng ·  · Đường tỉnh 52, tổ 6 Khu phố Hiệp Hòa",Quyền Lê Bá,3 sao,,7 năm trước,True,2026-05-22T23:45:43
Hoa Sen Home,"Hoa Sen Home - ĐẤT ĐỎ - Vũng Tàu Nhà cung cấp vật liệu xây dựng ·  · Đường tỉnh 52, tổ 6 Khu phố Hiệp Hòa",Công Lê,4 sao,,Thời gian chỉnh sửa: 7 năm trước,True,2026-05-22T23:45:43
Hoa Sen Home,"Hoa Sen Home - ĐẤT ĐỎ - Vũng Tàu Nhà cung cấp vật liệu xây dựng ·  · Đường tỉnh 52, tổ 6 Khu phố Hiệp Hòa",kiim thoa le thi,5 sao,,7 năm trước,True,2026-05-22T23:45:43
Hoa Sen Home,"Hoa Sen Home - ĐẤT ĐỎ - Vũng Tàu Nhà cung cấp vật liệu xây dựng ·  · Đường tỉnh 52, tổ 6 Khu phố Hiệp Hòa",Ngoc Trung Iuong,5 sao,,8 năm trước,True,2026-05-22T23:45:43
Hoa Sen Home,Hoa Sen Home - Cửa Hàng Phú Giáo Nhà cung cấp vật liệu xây dựng · ĐT741,Sóc Muội,5 sao,"Chỗ này gần trụ sở của  Camera Phú Giáo, 115 ĐT741, Vĩnh Hòa, Phú Giáo, Bình Dương. …",2 năm trước,True,2026-05-22T23:46:34
Hoa Sen Home,Hoa Sen Home - Cửa Hàng Phú Giáo Nhà cung cấp vật liệu xây dựng · ĐT741,Nhi Tran,1 sao,Ăn hữu tiểu chay gần tôn hoa sen,6 năm trước,True,2026-05-22T23:46:34
Hoa Sen Home,Hoa Sen Home - Cửa Hàng Phú Giáo Nhà cung cấp vật liệu xây dựng · ĐT741,Chien “Tiger”,5 sao,Phong lan anh Tịnh chăm đẹp,7 năm trước,True,2026-05-22T23:46:34
Hoa Sen Home,Hoa Sen Home - Cửa Hàng Phú Giáo Nhà cung cấp vật liệu xây dựng · ĐT741,Hoàng Lam,5 sao,"chi nhánh lớn, giao dịch nhanh chóng",7 năm trước,True,2026-05-22T23:46:34
Hoa Sen Home,Hoa Sen Home - Cửa Hàng Phú Giáo Nhà cung cấp vật liệu xây dựng · ĐT741,Tran Joshua,5 sao,1 đêm tuyệt vời,3 năm trước,True,2026-05-22T23:46:34
Hoa Sen Home,Hoa Sen Home - Cửa Hàng Phú Giáo Nhà cung cấp vật liệu xây dựng · ĐT741,Hiếu Đặng Minh,3 sao,Cũng được,6 năm trước,True,2026-05-22T23:46:34
Hoa Sen Home,Hoa Sen Home - Cửa Hàng Phú Giáo Nhà cung cấp vật liệu xây dựng · ĐT741,Thuật Nguyễn,5 sao,Tốt,Thời gian chỉnh sửa: 4 năm trước,True,2026-05-22T23:46:34
Hoa Sen Home,Hoa Sen Home - Cửa Hàng Phú Giáo Nhà cung cấp vật liệu xây dựng · ĐT741,Nhandanh Nguyen,5 sao,Ok,3 năm trước,True,2026-05-22T23:46:34
Hoa Sen Home,Hoa Sen Home - Cửa Hàng Phú Giáo Nhà cung cấp vật liệu xây dựng · ĐT741,Thanh Duong,5 sao,,2 tháng trước,True,2026-05-22T23:46:34
Hoa Sen Home,Hoa Sen Home - Cửa Hàng Phú Giáo Nhà cung cấp vật liệu xây dựng · ĐT741,Nghị Phạm công,5 sao,,5 tháng trước,True,2026-05-22T23:46:34
Hoa Sen Home,Hoa Sen Home - Cửa Hàng Phú Giáo Nhà cung cấp vật liệu xây dựng · ĐT741,Khoa LTM,5 sao,,2 năm trước,True,2026-05-22T23:46:34
Hoa Sen Home,Hoa Sen Home - Cửa Hàng Phú Giáo Nhà cung cấp vật liệu xây dựng · ĐT741,Thuý Ái Phạm Thị,4 sao,,2 năm trước,True,2026-05-22T23:46:34
Hoa Sen Home,Hoa Sen Home - Cửa Hàng Phú Giáo Nhà cung cấp vật liệu xây dựng · ĐT741,Htan Pham,5 sao,,3 năm trước,True,2026-05-22T23:46:34
Hoa Sen Home,Hoa Sen Home - Cửa Hàng Phú Giáo Nhà cung cấp vật liệu xây dựng · ĐT741,Tien Tran,4 sao,,3 năm trước,True,2026-05-22T23:46:34
Hoa Sen Home,Hoa Sen Home - Cửa Hàng Phú Giáo Nhà cung cấp vật liệu xây dựng · ĐT741,Lê Hồng Ân,5 sao,,3 năm trước,True,2026-05-22T23:46:34
Hoa Sen Home,Hoa Sen Home - Cửa Hàng Phú Giáo Nhà cung cấp vật liệu xây dựng · ĐT741,Thanh Hùng Wedding,5 sao,,5 năm trước,True,2026-05-22T23:46:34
Hoa Sen Home,Hoa Sen Home - Cửa Hàng Phú Giáo Nhà cung cấp vật liệu xây dựng · ĐT741,Thu Vu,5 sao,,5 năm trước,True,2026-05-22T23:46:34
Hoa Sen Home,Hoa Sen Home - Cửa Hàng Phú Giáo Nhà cung cấp vật liệu xây dựng · ĐT741,Thu Hoài Nguyễn Thị,5 sao,,5 năm trước,True,2026-05-22T23:46:34
Hoa Sen Home,Hoa Sen Home - Cửa Hàng Phú Giáo Nhà cung cấp vật liệu xây dựng · ĐT741,Hùng vui vẻ,5 sao,,Thời gian chỉnh sửa: 6 năm trước,True,2026-05-22T23:46:34
Hoa Sen Home,Hoa Sen Home - Cửa Hàng Phú Giáo Nhà cung cấp vật liệu xây dựng · ĐT741,Man Tran,4 sao,,6 năm trước,True,2026-05-22T23:46:34
Hoa Sen Home,Hoa Sen Home - Cửa Hàng Phú Giáo Nhà cung cấp vật liệu xây dựng · ĐT741,Lộc Phạm,5 sao,,6 năm trước,True,2026-05-22T23:46:34
Hoa Sen Home,Hoa Sen Home - Cửa Hàng Phú Giáo Nhà cung cấp vật liệu xây dựng · ĐT741,Hiep Pham,5 sao,Được rồi,6 năm trước,True,2026-05-22T23:46:34
Hoa Sen Home,Hoa Sen Home - Cửa Hàng Phú Giáo Nhà cung cấp vật liệu xây dựng · ĐT741,Manh Thanh,5 sao,,6 năm trước,True,2026-05-22T23:46:34
Hoa Sen Home,Hoa Sen Home - Cửa Hàng Phú Giáo Nhà cung cấp vật liệu xây dựng · ĐT741,Khoi Dien,4 sao,,6 năm trước,True,2026-05-22T23:46:34
Hoa Sen Home,Hoa Sen Home - Cửa Hàng Phú Giáo Nhà cung cấp vật liệu xây dựng · ĐT741,Hà Kim Hiên,5 sao,,7 năm trước,True,2026-05-22T23:46:34
Hoa Sen Home,Hoa Sen Home - Cửa Hàng Phú Giáo Nhà cung cấp vật liệu xây dựng · ĐT741,Vu Huynh,5 sao,,7 năm trước,True,2026-05-22T23:46:34
Hoa Sen Home,Hoa Sen Home - Cửa Hàng Phú Giáo Nhà cung cấp vật liệu xây dựng · ĐT741,co mai,3 sao,,7 năm trước,True,2026-05-22T23:46:34
Hoa Sen Home,Hoa Sen Home - Cửa Hàng Phú Giáo Nhà cung cấp vật liệu xây dựng · ĐT741,Pham Vu,4 sao,Được rồi,7 năm trước,True,2026-05-22T23:46:34
Hoa Sen Home,Hoa Sen Home - Cửa Hàng Phú Giáo Nhà cung cấp vật liệu xây dựng · ĐT741,chankiet la,3 sao,,8 năm trước,True,2026-05-22T23:46:34
Hoa Sen Home,Hoa Sen Home - Cửa Hàng Phú Giáo Nhà cung cấp vật liệu xây dựng · ĐT741,Hậu Trần,4 sao,,8 năm trước,True,2026-05-22T23:46:34
Hoa Sen Home,Công Ty Cổ Phần Thuế Hoa Sen Văn phòng công ty · 126 /5A Đường Số 11,Võ Hồng Phượng,5 sao,dich vu ok,4 năm trước,True,2026-05-22T23:47:32
Hoa Sen Home,Tập đoàn Hoa Sen Nhà cung cấp vật liệu xây dựng · 183 Đ. Nguyễn Văn Trỗi,Tâm Nguyễn,1 sao,"Làm ăn chả ra cái gì. Gọi từ số này qua số nọ không ai trả lời, có trả lời thì hẹn gọi lại cũng im ru luôn. Cty nên đuổi việc cái đội ngồi trực số hotline nhé.",7 tháng trước,True,2026-05-22T23:49:01
Hoa Sen Home,Tập đoàn Hoa Sen Nhà cung cấp vật liệu xây dựng · 183 Đ. Nguyễn Văn Trỗi,Trọng Mai,1 sao,Làm ăn không ra gì..... Có số hotline chỉ để chưng không bao giờ liên hệ được. Bán xong hàng là biến mất không liên lạc để bảo hành được,7 tháng trước,True,2026-05-22T23:49:01
Hoa Sen Home,Tập đoàn Hoa Sen Nhà cung cấp vật liệu xây dựng · 183 Đ. Nguyễn Văn Trỗi,Liên Nguyễn,5 sao,"Bác Chủ Tịch là người có Tâm có Tầm.Bác là Bồ Tát giữa cõi Ta Bà này,những việc làm thiện nguyện của Bác thật ý nghĩa và mang lại lợi ích rất lớn cho cộng đồng.Nguyện cho Bác trường thọ để thực hiện đc hết các tâm nguyện của Bác.",9 tháng trước,True,2026-05-22T23:49:01
Hoa Sen Home,Tập đoàn Hoa Sen Nhà cung cấp vật liệu xây dựng · 183 Đ. Nguyễn Văn Trỗi,Khởi Nguyễn Văn,5 sao,Hơi bí hiểm,2 tháng trước,True,2026-05-22T23:49:01
Hoa Sen Home,Tập đoàn Hoa Sen Nhà cung cấp vật liệu xây dựng · 183 Đ. Nguyễn Văn Trỗi,Van Tai Thi,5 sao,"Không gian làm việc hiện đại, sạch sẽ. Đồng phục nhân viên đi làm rất đẹp, chỉnh chu. Tiếp xúc với mọi người thấy rất thân thiện, nhiệt tình",một năm trước,True,2026-05-22T23:49:01
Hoa Sen Home,Tập đoàn Hoa Sen Nhà cung cấp vật liệu xây dựng · 183 Đ. Nguyễn Văn Trỗi,Tuấn Lê ngọc,1 sao,Cty kỳ quá nv làm việc test covid âm tính tức là ko bệnh nhưng ác qúa ko cho đi lám đòi test dương tính mới chịu là sao người ta đã test hoài âm tính mà cứ bắt test cho lòi ra  dương tính lấy đâu ra,4 năm trước,True,2026-05-22T23:49:01
Hoa Sen Home,Tập đoàn Hoa Sen Nhà cung cấp vật liệu xây dựng · 183 Đ. Nguyễn Văn Trỗi,Tmt Trần,4 sao,"Tập đoàn lớn.. Mặt hàng sản phẩm chất lượng tốt, dễ nhận diện - thương hiệu quốc gia
Nhưng chính sách hỗ trợ nhân viên bán hàng hơi kém - Phòng KDTT - ống nhúng nóng …",7 năm trước,True,2026-05-22T23:49:01
Hoa Sen Home,Tập đoàn Hoa Sen Nhà cung cấp vật liệu xây dựng · 183 Đ. Nguyễn Văn Trỗi,Võ DuyAnh,1 sao,"Quảng cáo chói tai, nội dung nhạt. Cty nên suy nghĩ lại cách tiếp cận người dùng, dừng cái kiểu hét vào tai người xem tin tức. Thật là vô lễ vô nghĩa!",4 năm trước,True,2026-05-22T23:49:01
Hoa Sen Home,Tập đoàn Hoa Sen Nhà cung cấp vật liệu xây dựng · 183 Đ. Nguyễn Văn Trỗi,Minh Vũ,4 sao,"Hoa Sen là một môi trường học tập chuyên nghiệp, phát triển được nhiều kĩ năng. Ngoài ra cơ sở vật chất phục vụ hết mình cho việc học của sinh viên. Rất tôn trọng sự khác biệt mỗi cá nhân trong trường. Không có chuyện giảng viên luôn đúng sinh viên luôn sai, giảng viên và sinh viên luôn trong tư thế học hỏi lẫn nhau cùng nhau tốt hơn",9 năm trước,True,2026-05-22T23:49:01
Hoa Sen Home,Tập đoàn Hoa Sen Nhà cung cấp vật liệu xây dựng · 183 Đ. Nguyễn Văn Trỗi,Gia Lâm,1 sao,"Phòng nhân sự làm việc kém hiệu quả, phòng chính sách kinh doanh hách dịch",3 năm trước,True,2026-05-22T23:49:01
Hoa Sen Home,Tập đoàn Hoa Sen Nhà cung cấp vật liệu xây dựng · 183 Đ. Nguyễn Văn Trỗi,Cảnh nguyễn,1 sao,Tập đoàn bẩn thỉu tra tấn người tu hành sớm muộn gì cũng dẹp tiệm. 😡 …,4 năm trước,True,2026-05-22T23:49:01
Hoa Sen Home,Tập đoàn Hoa Sen Nhà cung cấp vật liệu xây dựng · 183 Đ. Nguyễn Văn Trỗi,Hưng Trần Quốc,4 sao,"Sản phẩn tôn và ống nhựa rất tốt.
Dịch vụ bán hàng chuyên nghiệp.",8 năm trước,True,2026-05-22T23:49:01
Hoa Sen Home,Tập đoàn Hoa Sen Nhà cung cấp vật liệu xây dựng · 183 Đ. Nguyễn Văn Trỗi,Nguyen Tung,5 sao,"Môi trường thân thiện,trẻ, năng động, đồng nghiệp thoải mái, rất phù hợp với các bạn trẻ",7 năm trước,True,2026-05-22T23:49:01
Hoa Sen Home,Tập đoàn Hoa Sen Nhà cung cấp vật liệu xây dựng · 183 Đ. Nguyễn Văn Trỗi,Thu Nguyen,1 sao,Nhan vien ngyen khac vu ban hang kem chat luong,2 năm trước,True,2026-05-22T23:49:01
Hoa Sen Home,Tập đoàn Hoa Sen Nhà cung cấp vật liệu xây dựng · 183 Đ. Nguyễn Văn Trỗi,Võ Văn Hiến,4 sao,Văn phòng lịch sự. Tác phong chuyên nghiệp và nhanh nhẹn.,3 năm trước,True,2026-05-22T23:49:01
Hoa Sen Home,Tập đoàn Hoa Sen Nhà cung cấp vật liệu xây dựng · 183 Đ. Nguyễn Văn Trỗi,DAC NGUYEN,5 sao,nhìn be ngoài chuyên nghiệp lắm. không biết như thế nào theo tôi cho 5 sao,7 năm trước,True,2026-05-22T23:49:01
Hoa Sen Home,Tập đoàn Hoa Sen Nhà cung cấp vật liệu xây dựng · 183 Đ. Nguyễn Văn Trỗi,Quang Đỗ Ngọc,5 sao,Nhân viên tiếp xúc đầu tiên rất ok,3 năm trước,True,2026-05-22T23:49:01
Hoa Sen Home,Tập đoàn Hoa Sen Nhà cung cấp vật liệu xây dựng · 183 Đ. Nguyễn Văn Trỗi,Minh Vu Quang,5 sao,Đến làm việc đón tiếp rất lịch sự,6 năm trước,True,2026-05-22T23:49:01
Hoa Sen Home,Tập đoàn Hoa Sen Nhà cung cấp vật liệu xây dựng · 183 Đ. Nguyễn Văn Trỗi,An Lee,4 sao,"hoành tráng đấy, mà phong cách xây dựng lỗi thời rồi !",9 năm trước,True,2026-05-22T23:49:01
Hoa Sen Home,Tập đoàn Hoa Sen Nhà cung cấp vật liệu xây dựng · 183 Đ. Nguyễn Văn Trỗi,one day give me,5 sao,"Ngưỡng mộ, khâm phục vô cùng luôn !!!",3 năm trước,True,2026-05-22T23:49:01
Hoa Sen Home,Tập đoàn Hoa Sen Nhà cung cấp vật liệu xây dựng · 183 Đ. Nguyễn Văn Trỗi,hoang long Nguyen phi,4 sao,THẤY MỌI NGƯỜI RẤT NGHIÊM TÚC TRONG CÔNG VIỆC,5 năm trước,True,2026-05-22T23:49:01
Hoa Sen Home,Tập đoàn Hoa Sen Nhà cung cấp vật liệu xây dựng · 183 Đ. Nguyễn Văn Trỗi,thao van nguyenvan,5 sao,Tòa nhà văn phòng công ty tôn hoa sen,7 năm trước,True,2026-05-22T23:49:01
Hoa Sen Home,Tập đoàn Hoa Sen Nhà cung cấp vật liệu xây dựng · 183 Đ. Nguyễn Văn Trỗi,Tien Pham,3 sao,Ghé qua chưa có gì để nói.,3 năm trước,True,2026-05-22T23:49:01
Hoa Sen Home,Tập đoàn Hoa Sen Nhà cung cấp vật liệu xây dựng · 183 Đ. Nguyễn Văn Trỗi,Nguyễn Lê “Magicknight94”,5 sao,Toà nhà đẹp.,9 năm trước,True,2026-05-22T23:49:01
Hoa Sen Home,Tập đoàn Hoa Sen Nhà cung cấp vật liệu xây dựng · 183 Đ. Nguyễn Văn Trỗi,Thang Nguyen,5 sao,"Chỉ vào họp, kg ý kiến",7 năm trước,True,2026-05-22T23:49:01
Hoa Sen Home,Tập đoàn Hoa Sen Nhà cung cấp vật liệu xây dựng · 183 Đ. Nguyễn Văn Trỗi,Long Trần Tấn,5 sao,😁 …,2 năm trước,True,2026-05-22T23:49:01
Hoa Sen Home,Tập đoàn Hoa Sen Nhà cung cấp vật liệu xây dựng · 183 Đ. Nguyễn Văn Trỗi,Thế Giảng Đoàn,3 sao,Lịch sự,7 năm trước,True,2026-05-22T23:49:01
Hoa Sen Home,Tập đoàn Hoa Sen Nhà cung cấp vật liệu xây dựng · 183 Đ. Nguyễn Văn Trỗi,Quoc Thai Le,5 sao,Văn phòng chính của Hoa Sen Group,9 năm trước,True,2026-05-22T23:49:01
Hoa Sen Home,Tập đoàn Hoa Sen Nhà cung cấp vật liệu xây dựng · 183 Đ. Nguyễn Văn Trỗi,sơn phạm,3 sao,Văn phòng đại diện,7 năm trước,True,2026-05-22T23:49:01
Hoa Sen Home,Tập đoàn Hoa Sen Nhà cung cấp vật liệu xây dựng · 183 Đ. Nguyễn Văn Trỗi,MINH 22 ĐỨC,4 sao,Đường trung tâm,3 năm trước,True,2026-05-22T23:49:01
Hoa Sen Home,Tập đoàn Hoa Sen Nhà cung cấp vật liệu xây dựng · 183 Đ. Nguyễn Văn Trỗi,Nguyễn Hải,4 sao,Văn phòng thoãi mái,9 năm trước,True,2026-05-22T23:49:01
Hoa Sen Home,Tập đoàn Hoa Sen Nhà cung cấp vật liệu xây dựng · 183 Đ. Nguyễn Văn Trỗi,Dong Xuan,5 sao,Thật lớn và hoành tráng,7 năm trước,True,2026-05-22T23:49:01
Hoa Sen Home,Tập đoàn Hoa Sen Nhà cung cấp vật liệu xây dựng · 183 Đ. Nguyễn Văn Trỗi,Quangnin đinh,3 sao,Cong ty ok,8 năm trước,True,2026-05-22T23:49:01
Hoa Sen Home,Tập đoàn Hoa Sen Nhà cung cấp vật liệu xây dựng · 183 Đ. Nguyễn Văn Trỗi,Thịnh Nguyễn Hoàng,5 sao,Tốt,5 năm trước,True,2026-05-22T23:49:01
Hoa Sen Home,Tập đoàn Hoa Sen Nhà cung cấp vật liệu xây dựng · 183 Đ. Nguyễn Văn Trỗi,Nhu Tuan Nguyen,3 sao,Khá,6 năm trước,True,2026-05-22T23:49:01
Hoa Sen Home,Tập đoàn Hoa Sen Nhà cung cấp vật liệu xây dựng · 183 Đ. Nguyễn Văn Trỗi,NGUYEN VAN BINH,5 sao,chuẩn,8 năm trước,True,2026-05-22T23:49:01
Hoa Sen Home,Tập đoàn Hoa Sen Nhà cung cấp vật liệu xây dựng · 183 Đ. Nguyễn Văn Trỗi,Thùy Đinh,5 sao,Vip,6 năm trước,True,2026-05-22T23:49:01
Hoa Sen Home,Tập đoàn Hoa Sen Nhà cung cấp vật liệu xây dựng · 183 Đ. Nguyễn Văn Trỗi,LÊ ĐÌNH TIẾN,5 sao,Chất lượng tốt,7 năm trước,True,2026-05-22T23:49:01
Hoa Sen Home,Tập đoàn Hoa Sen Nhà cung cấp vật liệu xây dựng · 183 Đ. Nguyễn Văn Trỗi,Quy Nguyễn Đức,5 sao,Đẹp,8 năm trước,True,2026-05-22T23:49:01
Hoa Sen Home,Tập đoàn Hoa Sen Nhà cung cấp vật liệu xây dựng · 183 Đ. Nguyễn Văn Trỗi,thanh Nguyen,5 sao,Lớn,7 năm trước,True,2026-05-22T23:49:01
Hoa Sen Home,Tập đoàn Hoa Sen Nhà cung cấp vật liệu xây dựng · 183 Đ. Nguyễn Văn Trỗi,TUAN DANG QUOC,5 sao,Tốt,6 năm trước,True,2026-05-22T23:49:01
Hoa Sen Home,Tập đoàn Hoa Sen Nhà cung cấp vật liệu xây dựng · 183 Đ. Nguyễn Văn Trỗi,Gia Đình Nhím,5 sao,Tốt,7 năm trước,True,2026-05-22T23:49:01
Hoa Sen Home,Tập đoàn Hoa Sen Nhà cung cấp vật liệu xây dựng · 183 Đ. Nguyễn Văn Trỗi,Jimmy R,5 sao,"Một công ty tuyệt vời với rất nhiều người trẻ trung, năng động, làm việc ngày đêm để đạt được thành công vang dội trong ngành thép.",11 tháng trước,True,2026-05-22T23:49:01
Hoa Sen Home,Tập đoàn Hoa Sen Nhà cung cấp vật liệu xây dựng · 183 Đ. Nguyễn Văn Trỗi,Ray Wang,5 sao,Một trong những nhà sản xuất thép lớn nhất Việt Nam. Lớn nhất trong lĩnh vực thép tấm.,8 năm trước,True,2026-05-22T23:49:01
Hoa Sen Home,Tập đoàn Hoa Sen Nhà cung cấp vật liệu xây dựng · 183 Đ. Nguyễn Văn Trỗi,Xế Việt,4 sao,Được rồi,một năm trước,True,2026-05-22T23:49:01
Hoa Sen Home,Tập đoàn Hoa Sen Nhà cung cấp vật liệu xây dựng · 183 Đ. Nguyễn Văn Trỗi,nam truonghoang,3 sao,Cắt giảm,Thời gian chỉnh sửa: 2 năm trước,True,2026-05-22T23:49:01
Hoa Sen Home,Tập đoàn Hoa Sen Nhà cung cấp vật liệu xây dựng · 183 Đ. Nguyễn Văn Trỗi,LongNT,4 sao,Đẹp!,Thời gian chỉnh sửa: 5 năm trước,True,2026-05-22T23:49:01
Hoa Sen Home,Tập đoàn Hoa Sen Nhà cung cấp vật liệu xây dựng · 183 Đ. Nguyễn Văn Trỗi,Lê Hải Đăng,5 sao,Tốt,6 năm trước,True,2026-05-22T23:49:01
Hoa Sen Home,Tập đoàn Hoa Sen Nhà cung cấp vật liệu xây dựng · 183 Đ. Nguyễn Văn Trỗi,Danny Tran,3 sao,Tập đoàn Hoa Sen,10 năm trước,True,2026-05-22T23:49:01
Hoa Sen Home,Tập đoàn Hoa Sen Nhà cung cấp vật liệu xây dựng · 183 Đ. Nguyễn Văn Trỗi,Nam Phạm Tiến,4 sao,ĐƯỢC RỒI,10 năm trước,True,2026-05-22T23:49:01
Hoa Sen Home,Tập đoàn Hoa Sen Nhà cung cấp vật liệu xây dựng · 183 Đ. Nguyễn Văn Trỗi,Nguyen Hang,1 sao,,một tuần trước,True,2026-05-22T23:49:01
Hoa Sen Home,Tập đoàn Hoa Sen Nhà cung cấp vật liệu xây dựng · 183 Đ. Nguyễn Văn Trỗi,Lê Đăng,5 sao,,5 tháng trước,True,2026-05-22T23:49:01
Hoa Sen Home,Tập đoàn Hoa Sen Nhà cung cấp vật liệu xây dựng · 183 Đ. Nguyễn Văn Trỗi,Quốc Bảo,5 sao,,5 tháng trước,True,2026-05-22T23:49:01
Hoa Sen Home,Tập đoàn Hoa Sen Nhà cung cấp vật liệu xây dựng · 183 Đ. Nguyễn Văn Trỗi,Thiện Nguyện Minh Đức,5 sao,,5 tháng trước,True,2026-05-22T23:49:01
Hoa Sen Home,Tập đoàn Hoa Sen Nhà cung cấp vật liệu xây dựng · 183 Đ. Nguyễn Văn Trỗi,Đinh Ngọc Lam,5 sao,,7 tháng trước,True,2026-05-22T23:49:01
Hoa Sen Home,Tập đoàn Hoa Sen Nhà cung cấp vật liệu xây dựng · 183 Đ. Nguyễn Văn Trỗi,Hùng Phước,5 sao,,7 tháng trước,True,2026-05-22T23:49:01
Hoa Sen Home,Tập đoàn Hoa Sen Nhà cung cấp vật liệu xây dựng · 183 Đ. Nguyễn Văn Trỗi,Truc Trucly,5 sao,,8 tháng trước,True,2026-05-22T23:49:01
Hoa Sen Home,Tập đoàn Hoa Sen Nhà cung cấp vật liệu xây dựng · 183 Đ. Nguyễn Văn Trỗi,juz juz,5 sao,,11 tháng trước,True,2026-05-22T23:49:01
Hoa Sen Home,Tập đoàn Hoa Sen Nhà cung cấp vật liệu xây dựng · 183 Đ. Nguyễn Văn Trỗi,Huy Lê,5 sao,,một năm trước,True,2026-05-22T23:49:01
Hoa Sen Home,Tập đoàn Hoa Sen Nhà cung cấp vật liệu xây dựng · 183 Đ. Nguyễn Văn Trỗi,Minh Nguyen,5 sao,,một năm trước,True,2026-05-22T23:49:01
Hoa Sen Home,Tập đoàn Hoa Sen Nhà cung cấp vật liệu xây dựng · 183 Đ. Nguyễn Văn Trỗi,Khoa LTM,5 sao,,Thời gian chỉnh sửa: một năm trước,True,2026-05-22T23:49:01
Hoa Sen Home,Tập đoàn Hoa Sen Nhà cung cấp vật liệu xây dựng · 183 Đ. Nguyễn Văn Trỗi,danv,5 sao,,một năm trước,True,2026-05-22T23:49:01
Hoa Sen Home,Tập đoàn Hoa Sen Nhà cung cấp vật liệu xây dựng · 183 Đ. Nguyễn Văn Trỗi,Thị Thảo Vân Bùi,1 sao,,một năm trước,True,2026-05-22T23:49:01
Hoa Sen Home,Tập đoàn Hoa Sen Nhà cung cấp vật liệu xây dựng · 183 Đ. Nguyễn Văn Trỗi,Thanhsang Phan,5 sao,,một năm trước,True,2026-05-22T23:49:01
Hoa Sen Home,Tập đoàn Hoa Sen Nhà cung cấp vật liệu xây dựng · 183 Đ. Nguyễn Văn Trỗi,Minh Thảo Tạ,5 sao,,một năm trước,True,2026-05-22T23:49:01
Hoa Sen Home,Tập đoàn Hoa Sen Nhà cung cấp vật liệu xây dựng · 183 Đ. Nguyễn Văn Trỗi,ṔȞǏ ŇǦṎČ ŠṎŇ,5 sao,,một năm trước,True,2026-05-22T23:49:01
Hoa Sen Home,Tập đoàn Hoa Sen Nhà cung cấp vật liệu xây dựng · 183 Đ. Nguyễn Văn Trỗi,Xuan Thanh Tran,5 sao,,một năm trước,True,2026-05-22T23:49:01
Hoa Sen Home,Tập đoàn Hoa Sen Nhà cung cấp vật liệu xây dựng · 183 Đ. Nguyễn Văn Trỗi,Cường Vũ Tuấn,5 sao,,2 năm trước,True,2026-05-22T23:49:01
Hoa Sen Home,Tập đoàn Hoa Sen Nhà cung cấp vật liệu xây dựng · 183 Đ. Nguyễn Văn Trỗi,Le Xuan Hung,4 sao,,2 năm trước,True,2026-05-22T23:49:01
Hoa Sen Home,Tập đoàn Hoa Sen Nhà cung cấp vật liệu xây dựng · 183 Đ. Nguyễn Văn Trỗi,Thảo Vy Trần,5 sao,,2 năm trước,True,2026-05-22T23:49:01
Hoa Sen Home,Tập đoàn Hoa Sen Nhà cung cấp vật liệu xây dựng · 183 Đ. Nguyễn Văn Trỗi,chung nguyen,5 sao,,2 năm trước,True,2026-05-22T23:49:01
Hoa Sen Home,Tập đoàn Hoa Sen Nhà cung cấp vật liệu xây dựng · 183 Đ. Nguyễn Văn Trỗi,Huỳnh Lê Kiên,5 sao,,2 năm trước,True,2026-05-22T23:49:01
Hoa Sen Home,Tập đoàn Hoa Sen Nhà cung cấp vật liệu xây dựng · 183 Đ. Nguyễn Văn Trỗi,Hong Kim Minh,5 sao,,2 năm trước,True,2026-05-22T23:49:01
Hoa Sen Home,Tập đoàn Hoa Sen Nhà cung cấp vật liệu xây dựng · 183 Đ. Nguyễn Văn Trỗi,Hoài Thanh,4 sao,,2 năm trước,True,2026-05-22T23:49:01
Hoa Sen Home,Tập đoàn Hoa Sen Nhà cung cấp vật liệu xây dựng · 183 Đ. Nguyễn Văn Trỗi,Tuấn Phạm Ngọc Bảo,5 sao,,3 năm trước,True,2026-05-22T23:49:01
Hoa Sen Home,Tập đoàn Hoa Sen Nhà cung cấp vật liệu xây dựng · 183 Đ. Nguyễn Văn Trỗi,Thanh Lam,1 sao,,4 năm trước,True,2026-05-22T23:49:01
Hoa Sen Home,Tập đoàn Hoa Sen Nhà cung cấp vật liệu xây dựng · 183 Đ. Nguyễn Văn Trỗi,Phúc Dương Hoàng,1 sao,,4 năm trước,True,2026-05-22T23:49:01
Hoa Sen Home,Tập đoàn Hoa Sen Nhà cung cấp vật liệu xây dựng · 183 Đ. Nguyễn Văn Trỗi,Dat Vo,1 sao,,4 năm trước,True,2026-05-22T23:49:01
Hoa Sen Home,Tập đoàn Hoa Sen Nhà cung cấp vật liệu xây dựng · 183 Đ. Nguyễn Văn Trỗi,Phuong Nguyen Ngoc Anh,5 sao,,4 năm trước,True,2026-05-22T23:49:01
Hoa Sen Home,Tập đoàn Hoa Sen Nhà cung cấp vật liệu xây dựng · 183 Đ. Nguyễn Văn Trỗi,Đỗ Vủ,1 sao,,4 năm trước,True,2026-05-22T23:49:01
Hoa Sen Home,Tập đoàn Hoa Sen Nhà cung cấp vật liệu xây dựng · 183 Đ. Nguyễn Văn Trỗi,Phát Đặng,5 sao,,4 năm trước,True,2026-05-22T23:49:01
Hoa Sen Home,Tập đoàn Hoa Sen Nhà cung cấp vật liệu xây dựng · 183 Đ. Nguyễn Văn Trỗi,Quang Anh Le,5 sao,,5 năm trước,True,2026-05-22T23:49:01
Hoa Sen Home,Tập đoàn Hoa Sen Nhà cung cấp vật liệu xây dựng · 183 Đ. Nguyễn Văn Trỗi,Cường Nguyễn,5 sao,,5 năm trước,True,2026-05-22T23:49:01
Hoa Sen Home,Tập đoàn Hoa Sen Nhà cung cấp vật liệu xây dựng · 183 Đ. Nguyễn Văn Trỗi,Sơn Ngọc,5 sao,,5 năm trước,True,2026-05-22T23:49:01
Hoa Sen Home,Tập đoàn Hoa Sen Nhà cung cấp vật liệu xây dựng · 183 Đ. Nguyễn Văn Trỗi,Hoài Thu Nguyễn,5 sao,,5 năm trước,True,2026-05-22T23:49:01
Hoa Sen Home,Tập đoàn Hoa Sen Nhà cung cấp vật liệu xây dựng · 183 Đ. Nguyễn Văn Trỗi,Ha Nguyen,1 sao,,5 năm trước,True,2026-05-22T23:49:01
Hoa Sen Home,Tập đoàn Hoa Sen Nhà cung cấp vật liệu xây dựng · 183 Đ. Nguyễn Văn Trỗi,Trương Hoài Bảo (Kin Kupj),5 sao,,5 năm trước,True,2026-05-22T23:49:01
Hoa Sen Home,Tập đoàn Hoa Sen Nhà cung cấp vật liệu xây dựng · 183 Đ. Nguyễn Văn Trỗi,Ngọc Nguyễn,4 sao,,5 năm trước,True,2026-05-22T23:49:01
Hoa Sen Home,Tập đoàn Hoa Sen Nhà cung cấp vật liệu xây dựng · 183 Đ. Nguyễn Văn Trỗi,Mo La,2 sao,,5 năm trước,True,2026-05-22T23:49:01
Hoa Sen Home,Tập đoàn Hoa Sen Nhà cung cấp vật liệu xây dựng · 183 Đ. Nguyễn Văn Trỗi,vu luu,5 sao,,5 năm trước,True,2026-05-22T23:49:01
Hoa Sen Home,Tập đoàn Hoa Sen Nhà cung cấp vật liệu xây dựng · 183 Đ. Nguyễn Văn Trỗi,Đồng Quang Nhật,5 sao,,5 năm trước,True,2026-05-22T23:49:01
Hoa Sen Home,Tập đoàn Hoa Sen Nhà cung cấp vật liệu xây dựng · 183 Đ. Nguyễn Văn Trỗi,Nhan Nguyen,5 sao,,5 năm trước,True,2026-05-22T23:49:01
Hoa Sen Home,Tập đoàn Hoa Sen Nhà cung cấp vật liệu xây dựng · 183 Đ. Nguyễn Văn Trỗi,tiên nguyễn,5 sao,,6 năm trước,True,2026-05-22T23:49:01
Hoa Sen Home,Tập đoàn Hoa Sen Nhà cung cấp vật liệu xây dựng · 183 Đ. Nguyễn Văn Trỗi,Thuận An 3 - CNT Bình Dương Cửa Hàng,5 sao,,6 năm trước,True,2026-05-22T23:49:01
Hoa Sen Home,Tập đoàn Hoa Sen Nhà cung cấp vật liệu xây dựng · 183 Đ. Nguyễn Văn Trỗi,Gemini Huy,5 sao,,6 năm trước,True,2026-05-22T23:49:01
Hoa Sen Home,Tập đoàn Hoa Sen Nhà cung cấp vật liệu xây dựng · 183 Đ. Nguyễn Văn Trỗi,Ngọc Diệp Phạm Thị,5 sao,,6 năm trước,True,2026-05-22T23:49:01
Hoa Sen Home,Tập đoàn Hoa Sen Nhà cung cấp vật liệu xây dựng · 183 Đ. Nguyễn Văn Trỗi,Hùng Trần Mạnh,5 sao,,6 năm trước,True,2026-05-22T23:49:01
Hoa Sen Home,Tập đoàn Hoa Sen Nhà cung cấp vật liệu xây dựng · 183 Đ. Nguyễn Văn Trỗi,Châu Ngọc Đoàn,4 sao,,6 năm trước,True,2026-05-22T23:49:01
Hoa Sen Home,Tập đoàn Hoa Sen Nhà cung cấp vật liệu xây dựng · 183 Đ. Nguyễn Văn Trỗi,Thịnh Cao,5 sao,,6 năm trước,True,2026-05-22T23:49:01
Hoa Sen Home,Tập đoàn Hoa Sen Nhà cung cấp vật liệu xây dựng · 183 Đ. Nguyễn Văn Trỗi,Dinh Gia Tham,5 sao,,6 năm trước,True,2026-05-22T23:49:01
Hoa Sen Home,Tập đoàn Hoa Sen Nhà cung cấp vật liệu xây dựng · 183 Đ. Nguyễn Văn Trỗi,vivan nguyen,5 sao,,6 năm trước,True,2026-05-22T23:49:01
Hoa Sen Home,Tập đoàn Hoa Sen Nhà cung cấp vật liệu xây dựng · 183 Đ. Nguyễn Văn Trỗi,Nguyen Giao Ngo,5 sao,,6 năm trước,True,2026-05-22T23:49:01
Hoa Sen Home,Tập đoàn Hoa Sen Nhà cung cấp vật liệu xây dựng · 183 Đ. Nguyễn Văn Trỗi,Long Ưng,2 sao,,7 năm trước,True,2026-05-22T23:49:01
Hoa Sen Home,Tập đoàn Hoa Sen Nhà cung cấp vật liệu xây dựng · 183 Đ. Nguyễn Văn Trỗi,Mỹ Hân Đỗ,5 sao,,7 năm trước,True,2026-05-22T23:49:01
Hoa Sen Home,Tập đoàn Hoa Sen Nhà cung cấp vật liệu xây dựng · 183 Đ. Nguyễn Văn Trỗi,Hai Nguyen,3 sao,,7 năm trước,True,2026-05-22T23:49:01
Hoa Sen Home,Tập đoàn Hoa Sen Nhà cung cấp vật liệu xây dựng · 183 Đ. Nguyễn Văn Trỗi,NGAN DINH,5 sao,,7 năm trước,True,2026-05-22T23:49:01
Hoa Sen Home,Tập đoàn Hoa Sen Nhà cung cấp vật liệu xây dựng · 183 Đ. Nguyễn Văn Trỗi,MartinNguyen520,5 sao,,7 năm trước,True,2026-05-22T23:49:01
Hoa Sen Home,Tập đoàn Hoa Sen Nhà cung cấp vật liệu xây dựng · 183 Đ. Nguyễn Văn Trỗi,Sinh Ngọc,5 sao,,7 năm trước,True,2026-05-22T23:49:01
Hoa Sen Home,Tập đoàn Hoa Sen Nhà cung cấp vật liệu xây dựng · 183 Đ. Nguyễn Văn Trỗi,Trinh Lê Huệ,5 sao,,7 năm trước,True,2026-05-22T23:49:01
Hoa Sen Home,Tập đoàn Hoa Sen Nhà cung cấp vật liệu xây dựng · 183 Đ. Nguyễn Văn Trỗi,Đăng Vương Nguyễn,2 sao,,7 năm trước,True,2026-05-22T23:49:01
Hoa Sen Home,Tập đoàn Hoa Sen Nhà cung cấp vật liệu xây dựng · 183 Đ. Nguyễn Văn Trỗi,Tan Thien Truong,3 sao,,7 năm trước,True,2026-05-22T23:49:01
Hoa Sen Home,Tập đoàn Hoa Sen Nhà cung cấp vật liệu xây dựng · 183 Đ. Nguyễn Văn Trỗi,Lộc Nguyễn Thành,3 sao,,7 năm trước,True,2026-05-22T23:49:01
Hoa Sen Home,Tập đoàn Hoa Sen Nhà cung cấp vật liệu xây dựng · 183 Đ. Nguyễn Văn Trỗi,Trung Nguyen,3 sao,,7 năm trước,True,2026-05-22T23:49:01
Hoa Sen Home,Tập đoàn Hoa Sen Nhà cung cấp vật liệu xây dựng · 183 Đ. Nguyễn Văn Trỗi,06 NGÔ THỊ THU HÀ (06 NGÔ THỊ THU HÀ),5 sao,,8 năm trước,True,2026-05-22T23:49:01
Hoa Sen Home,Tập đoàn Hoa Sen Nhà cung cấp vật liệu xây dựng · 183 Đ. Nguyễn Văn Trỗi,Ẩm Thực Trung Hoa (Nông Dân Trung Hoa),5 sao,,8 năm trước,True,2026-05-22T23:49:01
Hoa Sen Home,Tập đoàn Hoa Sen Nhà cung cấp vật liệu xây dựng · 183 Đ. Nguyễn Văn Trỗi,Lê Thiên An,5 sao,,8 năm trước,True,2026-05-22T23:49:01
Hoa Sen Home,Tập đoàn Hoa Sen Nhà cung cấp vật liệu xây dựng · 183 Đ. Nguyễn Văn Trỗi,my nguyen,5 sao,,8 năm trước,True,2026-05-22T23:49:01
Hoa Sen Home,Tập đoàn Hoa Sen Nhà cung cấp vật liệu xây dựng · 183 Đ. Nguyễn Văn Trỗi,NGUYEN BA CHINH,3 sao,,8 năm trước,True,2026-05-22T23:49:01
Hoa Sen Home,Tập đoàn Hoa Sen Nhà cung cấp vật liệu xây dựng · 183 Đ. Nguyễn Văn Trỗi,Chinh Nguyen,3 sao,,8 năm trước,True,2026-05-22T23:49:01
Hoa Sen Home,Tập đoàn Hoa Sen Nhà cung cấp vật liệu xây dựng · 183 Đ. Nguyễn Văn Trỗi,Duy Trương Nhật,1 sao,,8 năm trước,True,2026-05-22T23:49:01
Hoa Sen Home,Tập đoàn Hoa Sen Nhà cung cấp vật liệu xây dựng · 183 Đ. Nguyễn Văn Trỗi,Jackie Harry,3 sao,,8 năm trước,True,2026-05-22T23:49:01
Hoa Sen Home,Tập đoàn Hoa Sen Nhà cung cấp vật liệu xây dựng · 183 Đ. Nguyễn Văn Trỗi,hoàng anh lê vũ,5 sao,,8 năm trước,True,2026-05-22T23:49:01
Hoa Sen Home,Tập đoàn Hoa Sen Nhà cung cấp vật liệu xây dựng · 183 Đ. Nguyễn Văn Trỗi,cong thanh Nguyen,5 sao,,8 năm trước,True,2026-05-22T23:49:01
Hoa Sen Home,Tập đoàn Hoa Sen Nhà cung cấp vật liệu xây dựng · 183 Đ. Nguyễn Văn Trỗi,Ngoc Chau Nguyen,5 sao,,8 năm trước,True,2026-05-22T23:49:01
Hoa Sen Home,Tập đoàn Hoa Sen Nhà cung cấp vật liệu xây dựng · 183 Đ. Nguyễn Văn Trỗi,Thảo Hồ,4 sao,,8 năm trước,True,2026-05-22T23:49:01
Hoa Sen Home,Tập đoàn Hoa Sen Nhà cung cấp vật liệu xây dựng · 183 Đ. Nguyễn Văn Trỗi,Anh Tuan,4 sao,,8 năm trước,True,2026-05-22T23:49:01
Hoa Sen Home,Tập đoàn Hoa Sen Nhà cung cấp vật liệu xây dựng · 183 Đ. Nguyễn Văn Trỗi,Luận Công,5 sao,,8 năm trước,True,2026-05-22T23:49:01
Hoa Sen Home,Tập đoàn Hoa Sen Nhà cung cấp vật liệu xây dựng · 183 Đ. Nguyễn Văn Trỗi,Manh Cuong Pham,5 sao,,8 năm trước,True,2026-05-22T23:49:01
Hoa Sen Home,Tập đoàn Hoa Sen Nhà cung cấp vật liệu xây dựng · 183 Đ. Nguyễn Văn Trỗi,Thuật Nguyễn,4 sao,,8 năm trước,True,2026-05-22T23:49:01
Hoa Sen Home,Tập đoàn Hoa Sen Nhà cung cấp vật liệu xây dựng · 183 Đ. Nguyễn Văn Trỗi,Hoàng Đình Cường,5 sao,,8 năm trước,True,2026-05-22T23:49:01
Hoa Sen Home,Tập đoàn Hoa Sen Nhà cung cấp vật liệu xây dựng · 183 Đ. Nguyễn Văn Trỗi,Nhan Le,5 sao,Tốt,8 năm trước,True,2026-05-22T23:49:01
Hoa Sen Home,Tập đoàn Hoa Sen Nhà cung cấp vật liệu xây dựng · 183 Đ. Nguyễn Văn Trỗi,Phạm Thị Mỹ Linh,4 sao,Tốt,8 năm trước,True,2026-05-22T23:49:01
Hoa Sen Home,Tập đoàn Hoa Sen Nhà cung cấp vật liệu xây dựng · 183 Đ. Nguyễn Văn Trỗi,Buu Vo,3 sao,,8 năm trước,True,2026-05-22T23:49:01
Hoa Sen Home,Tập đoàn Hoa Sen Nhà cung cấp vật liệu xây dựng · 183 Đ. Nguyễn Văn Trỗi,khương Vũ Phi,5 sao,,Thời gian chỉnh sửa: 8 năm trước,True,2026-05-22T23:49:01
Hoa Sen Home,Tập đoàn Hoa Sen Nhà cung cấp vật liệu xây dựng · 183 Đ. Nguyễn Văn Trỗi,Quyết Hữu,5 sao,,8 năm trước,True,2026-05-22T23:49:01
Hoa Sen Home,Tập đoàn Hoa Sen Nhà cung cấp vật liệu xây dựng · 183 Đ. Nguyễn Văn Trỗi,Vinh Nguyen,1 sao,,8 năm trước,True,2026-05-22T23:49:01
Hoa Sen Home,Tập đoàn Hoa Sen Nhà cung cấp vật liệu xây dựng · 183 Đ. Nguyễn Văn Trỗi,Quốc Đoan Trịnh,5 sao,,8 năm trước,True,2026-05-22T23:49:01
Hoa Sen Home,Tập đoàn Hoa Sen Nhà cung cấp vật liệu xây dựng · 183 Đ. Nguyễn Văn Trỗi,Phước Liêu,5 sao,,9 năm trước,True,2026-05-22T23:49:01
Hoa Sen Home,Tập đoàn Hoa Sen Nhà cung cấp vật liệu xây dựng · 183 Đ. Nguyễn Văn Trỗi,Ngạn Trần,5 sao,,9 năm trước,True,2026-05-22T23:49:01
Hoa Sen Home,Tập đoàn Hoa Sen Nhà cung cấp vật liệu xây dựng · 183 Đ. Nguyễn Văn Trỗi,DANG HAI HUYNH,5 sao,,9 năm trước,True,2026-05-22T23:49:01
Hoa Sen Home,Tập đoàn Hoa Sen Nhà cung cấp vật liệu xây dựng · 183 Đ. Nguyễn Văn Trỗi,Linh Trinh,4 sao,,9 năm trước,True,2026-05-22T23:49:01
Hoa Sen Home,Tập đoàn Hoa Sen Nhà cung cấp vật liệu xây dựng · 183 Đ. Nguyễn Văn Trỗi,Quỳnh Vũ,3 sao,,9 năm trước,True,2026-05-22T23:49:01
Hoa Sen Home,Tập đoàn Hoa Sen Nhà cung cấp vật liệu xây dựng · 183 Đ. Nguyễn Văn Trỗi,Ken Trần,5 sao,,9 năm trước,True,2026-05-22T23:49:01
Hoa Sen Home,Tập đoàn Hoa Sen Nhà cung cấp vật liệu xây dựng · 183 Đ. Nguyễn Văn Trỗi,Henry Nguyễn,5 sao,,9 năm trước,True,2026-05-22T23:49:01
Hoa Sen Home,Tập đoàn Hoa Sen Nhà cung cấp vật liệu xây dựng · 183 Đ. Nguyễn Văn Trỗi,Trọng Nhân Nguyễn,5 sao,,10 năm trước,True,2026-05-22T23:49:01
Hoa Sen Home,Tập đoàn Hoa Sen Nhà cung cấp vật liệu xây dựng · 183 Đ. Nguyễn Văn Trỗi,Minh Nhựt Bùi,4 sao,,10 năm trước,True,2026-05-22T23:49:01
Hoa Sen Home,Tập đoàn Hoa Sen Nhà cung cấp vật liệu xây dựng · 183 Đ. Nguyễn Văn Trỗi,Phước Hiền Trần,5 sao,,10 năm trước,True,2026-05-22T23:49:01
