seed_query,place_name,user_name,rating,review_text,review_date
Viglacera,Showroom đại lý thiết bị vệ sinh Viglacera Cửa hàng nội thất ·  · QL1A/203 Bình Đường 3,Vĩnh Thịnh Huỳnh Trần,5 sao,"Tôi đã sử dụng các sản phẩm như bồn cầu Viglacera V823, bồn cầu 1 khối Viglacera V45M, bồn cầu 2 khối Viglacera VI88, lavabo Viglacera và vòi sen, nhìn chung chất lượng rất tốt, thiết kế hiện đại, dễ vệ sinh, xả nước mạnh và ổn định, phù hợp cho gia đình cũng như công trình, giá cả hợp lý so với độ bền và thương hiệu.",4 tháng trước
Viglacera,Showroom đại lý thiết bị vệ sinh Viglacera Cửa hàng nội thất ·  · QL1A/203 Bình Đường 3,Phạm Hải Nam,5 sao,"Tôi chọn mẫu bồn cầu 2 khối Viglacera VI88 vì giá dễ chịu mà xả vẫn rất mạnh, phù hợp nhà cho thuê.",4 tháng trước
Viglacera,Showroom đại lý thiết bị vệ sinh Viglacera Cửa hàng nội thất ·  · QL1A/203 Bình Đường 3,Thảo Ly Nguyễn,5 sao,"Tôi đến showroom chọn bồn cầu cho công trình nhà ở và được tư vấn rõ ràng từng loại, cuối cùng chọn mẫu V823 xả mạnh và êm, dùng rất hài lòng.",5 tháng trước
Viglacera,Showroom đại lý thiết bị vệ sinh Viglacera Cửa hàng nội thất ·  · QL1A/203 Bình Đường 3,Lan Vũ,5 sao,"Mua bộ thiết bị vệ sinh Viglacera đầy đủ từ bồn cầu, lavabo đến sen vòi, chất lượng đồng bộ, lắp vào nhìn rất sang và gọn.",4 tháng trước
Viglacera,Showroom đại lý thiết bị vệ sinh Viglacera Cửa hàng nội thất ·  · QL1A/203 Bình Đường 3,Hoàng Đinh,5 sao,Nhân viên ở đây không chỉ tư vấn bán hàng mà còn chia sẻ thêm kinh nghiệm bảo quản thiết bị rất hữu ích.,4 tháng trước
Viglacera,Showroom đại lý thiết bị vệ sinh Viglacera Cửa hàng nội thất ·  · QL1A/203 Bình Đường 3,thanh vinh le pham,5 sao,"Cô mình giới thiệu showroom này, nay mới ghé thử mà thấy đúng là chỗ bán hàng uy tín, giá cả minh bạch",10 tháng trước
Viglacera,Showroom đại lý thiết bị vệ sinh Viglacera Cửa hàng nội thất ·  · QL1A/203 Bình Đường 3,sơn phạm,5 sao,"Mình hay lo hàng mẫu bị trầy do trưng bày nhưng showroom này bảo quản kỹ, sản phẩm nhìn vẫn như mới",10 tháng trước
Viglacera,Showroom đại lý thiết bị vệ sinh Viglacera Cửa hàng nội thất ·  · QL1A/203 Bình Đường 3,sáng maixuan,5 sao,"Vòi lavabo ở đây giá hợp lý, chất liệu nhìn là biết hàng xịn, không bị gỉ hay trầy xước sau vài tháng xài",10 tháng trước
Viglacera,Showroom đại lý thiết bị vệ sinh Viglacera Cửa hàng nội thất ·  · QL1A/203 Bình Đường 3,Nịt Có cái,5 sao,"Vòi sen Viglacera lắp vô xong tắm phê lắm, tia nước đều, không bị xì nước hay rò rỉ linh tinh như loại cũ nhà mình",10 tháng trước
Viglacera,Showroom đại lý thiết bị vệ sinh Viglacera Cửa hàng nội thất ·  · QL1A/203 Bình Đường 3,Nam Hoàng,5 sao,"Hàng có tem chống giả, hóa đơn rõ ràng, giao hàng về tận nơi, không bị trầy móp gì hết",10 tháng trước
Viglacera,Showroom đại lý thiết bị vệ sinh Viglacera Cửa hàng nội thất ·  · QL1A/203 Bình Đường 3,Manh Vu,5 sao,"Bồn cầu Viglacera xả rất êm, tiết kiệm nước thật sự, lắp hơn năm rồi chưa từng bị nghẹt lần nào",10 tháng trước
Viglacera,Showroom đại lý thiết bị vệ sinh Viglacera Cửa hàng nội thất ·  · QL1A/203 Bình Đường 3,Lê Lan,5 sao,Cửa hàng trưng bày rất nhiều sản phẩm. Tui rất hài lòng khi đến đây,6 năm trước
Viglacera,Showroom đại lý thiết bị vệ sinh Viglacera Cửa hàng nội thất ·  · QL1A/203 Bình Đường 3,photoshop illus,5 sao,"Mình ở Quận Bình Thạnh có mua 5 bộ bồn cầu Viglacera V37 ở cửa hàng TDM. Mẫu mã đẹp, giá cả CH bán rẻ, giao hàng nhanh, nhiệt tình.",5 năm trước
Viglacera,Showroom đại lý thiết bị vệ sinh Viglacera Cửa hàng nội thất ·  · QL1A/203 Bình Đường 3,Urnf Vdgd,5 sao,"Nhà toàn Phụ Nữ, đang muốn thay mấy cái bàn cầu cũ, may sau tìm được cửa hàng Viglacera Tuấn Đức. Đặt hàng và ngày hôm sau đã thay thế được.",5 năm trước
Viglacera,Showroom đại lý thiết bị vệ sinh Viglacera Cửa hàng nội thất ·  · QL1A/203 Bình Đường 3,Hoang Tran,5 sao,"Quán cafe tôi đợt rồi cải tạo nhà vệ sinh, có đặt mua bồn tiểu, bồn cầu cảm ứng, vòi, chậu rửa mặt Viglacera, giá quá tốt mẫu mã đẹp.",5 năm trước
Viglacera,Showroom đại lý thiết bị vệ sinh Viglacera Cửa hàng nội thất ·  · QL1A/203 Bình Đường 3,Hung Tran,5 sao,"Mình từng ghé Showroom đại lý thiết bị vệ sinh Viglacera khi tìm mua thiết bị cho phòng tắm gia đình. Không gian trưng bày khá rộng, sắp xếp gọn gàng nên dễ xem và so sánh các mẫu. Nhân viên tư vấn nhiệt tình, giải thích rõ về chất liệu, …",4 tuần trước
Viglacera,Showroom đại lý thiết bị vệ sinh Viglacera Cửa hàng nội thất ·  · QL1A/203 Bình Đường 3,TX.Quyền,5 sao,"Mình đã mua thiết bị vệ sinh tại Showroom Viglacera và khá hài lòng. Sản phẩm chất lượng tốt, bền và dễ vệ sinh. Nhân viên tư vấn nhiệt tình, hỗ trợ chọn sản phẩm phù hợp. Giá cả hợp lý so với chất lượng. Sẽ quay lại khi có nhu cầu",một tháng trước
Viglacera,Showroom đại lý thiết bị vệ sinh Viglacera Cửa hàng nội thất ·  · QL1A/203 Bình Đường 3,Hoàng Nhân,5 sao,Mình đánh giá cao việc tư vấn đúng nhu cầu chứ không cố bán sản phẩm đắt tiền,một tháng trước
Viglacera,Showroom đại lý thiết bị vệ sinh Viglacera Cửa hàng nội thất ·  · QL1A/203 Bình Đường 3,Gia Huy,5 sao,Nhân viên hỗ trợ đo đạc và tư vấn kích thước rất kỹ nên khi lắp không bị sai lệch,một tháng trước
Viglacera,Showroom đại lý thiết bị vệ sinh Viglacera Cửa hàng nội thất ·  · QL1A/203 Bình Đường 3,Thuy Nguyen,5 sao,"Lắp đặt xong thấy mọi thứ hoạt động trơn tru, đặc biệt là bồn cầu xả rất êm và tiết kiệm nước",2 tháng trước
Viglacera,Công Ty Sứ Viglacera Bình Dương Nhà sản xuất ·  · WQM2+5C7,Hùng - アサヒ Ly,5 sao,Một công ty tuyệt vời,7 tháng trước
Viglacera,Công Ty Sứ Viglacera Bình Dương Nhà sản xuất ·  · WQM2+5C7,Chuyên gia checking,5 sao,Cty lâu đời,9 tháng trước
Viglacera,Công Ty Sứ Viglacera Bình Dương Nhà sản xuất ·  · WQM2+5C7,Biểu Nguyễn,5 sao,Cám ơn cty trong suốt gần 9 năm qua... Chân thành cảm ơn.😍 …,Thời gian chỉnh sửa: 6 năm trước
Viglacera,Công Ty Sứ Viglacera Bình Dương Nhà sản xuất ·  · WQM2+5C7,tuấn anh Nguyễn,3 sao,khong lay duoc thong tin cong ty nay,10 năm trước
Viglacera,Công Ty Sứ Viglacera Bình Dương Nhà sản xuất ·  · WQM2+5C7,Chí Trương Văn,3 sao,"XPH6+XQ Tx. Thuận An, Thuận An, Bình Dương, Việt Nam",7 năm trước
Viglacera,Công Ty Sứ Viglacera Bình Dương Nhà sản xuất ·  · WQM2+5C7,Ngo Minh,3 sao,Ống khói cao nha,5 năm trước
Viglacera,Công Ty Sứ Viglacera Bình Dương Nhà sản xuất ·  · WQM2+5C7,Madita Mdt,3 sao,Quy mô lớn,9 năm trước
Viglacera,Công Ty Sứ Viglacera Bình Dương Nhà sản xuất ·  · WQM2+5C7,Mỹ Nhân Nguyễn,5 sao,tốt,6 năm trước
Viglacera,Công Ty Sứ Viglacera Bình Dương Nhà sản xuất ·  · WQM2+5C7,Quốc Huy - Chaien otofun,5 sao,,3 năm trước
Viglacera,Công Ty Sứ Viglacera Bình Dương Nhà sản xuất ·  · WQM2+5C7,Xuan Dinh thj,5 sao,,5 năm trước
Viglacera,Công Ty Sứ Viglacera Bình Dương Nhà sản xuất ·  · WQM2+5C7,Thư Huỳnh Anh,5 sao,,6 năm trước
Viglacera,Công Ty Sứ Viglacera Bình Dương Nhà sản xuất ·  · WQM2+5C7,Luong Nguyen,5 sao,,7 năm trước
Viglacera,Công Ty Sứ Viglacera Bình Dương Nhà sản xuất ·  · WQM2+5C7,Võ Hoàng Phúc,5 sao,,7 năm trước
Viglacera,Công Ty Sứ Viglacera Bình Dương Nhà sản xuất ·  · WQM2+5C7,Oanh Tran,5 sao,,8 năm trước
Viglacera,Công Ty Sứ Viglacera Bình Dương Nhà sản xuất ·  · WQM2+5C7,thiều trần,5 sao,,10 năm trước
Viglacera,"Công ty Kính Nổi Viglacera Nhà cung cấp vật liệu xây dựng · Khu Sản Xuất, P",Phong Văn MG,4 sao,Đẹp nhất cái trụ khói.khó chịu nhất khi 2 bên đường lúc nào cũng đông xe công dừng đỗ nguyên ngày nguyên đêm lm mất cảnh quan.,5 năm trước
Viglacera,"Công ty Kính Nổi Viglacera Nhà cung cấp vật liệu xây dựng · Khu Sản Xuất, P",Trang Hoang,2 sao,nhin chung tam đuoc nhung bui qua khoi tu cong ty go thai ra công them toan xe ô tô tai đi đuong luon đeo kinh ma vân phai dưng xe vi bui.,7 năm trước
Viglacera,"Công ty Kính Nổi Viglacera Nhà cung cấp vật liệu xây dựng · Khu Sản Xuất, P",Hoa Mai,1 sao,"Gọi điện hỏi mua hàng mà nói không bán, kêu mình gửi tìm đại lý mà mua , mình mua nhiều để xuất khẩu mà nó kêu tìm đại lý thì bó tay",4 năm trước
Viglacera,"Công ty Kính Nổi Viglacera Nhà cung cấp vật liệu xây dựng · Khu Sản Xuất, P",Phạm Xuân Tân,5 sao,Công ty hàng đầu trong nước về sản xuất Kính Xây Dựng và Kính Tiết Kiệm Năng Lượng,3 năm trước
Viglacera,"Công ty Kính Nổi Viglacera Nhà cung cấp vật liệu xây dựng · Khu Sản Xuất, P",văn sơn vũ,4 sao,Đoạn đường từ nhà đến công ty năm cây số. Công việc hàng ngày của mình là đi đến nơi về đến chốn.,5 năm trước
Viglacera,"Công ty Kính Nổi Viglacera Nhà cung cấp vật liệu xây dựng · Khu Sản Xuất, P",Minh Le,4 sao,"nhà máy nằm trên địa điểm rất đẹp, còn hạn chế là để xe đậu đỗ sung quanh nhiều quá",5 năm trước
Viglacera,"Công ty Kính Nổi Viglacera Nhà cung cấp vật liệu xây dựng · Khu Sản Xuất, P",Hằng Lệ,3 sao,Địa điểm rất thoáng mô hình đường xá rất đẹp xe ra vào không gây ùn tắc công nhân đi lại rất an toàn,Thời gian chỉnh sửa: 6 năm trước
Viglacera,"Công ty Kính Nổi Viglacera Nhà cung cấp vật liệu xây dựng · Khu Sản Xuất, P",Thơ Ngô,4 sao,"Công ty sạch sẽ,  khuôn viên rộng,  trồng nhiều cây xanh,  trang thiết bị đầy đủ,  quy định nghiêm.",7 năm trước
Viglacera,"Công ty Kính Nổi Viglacera Nhà cung cấp vật liệu xây dựng · Khu Sản Xuất, P",Giải Trí Tổng Hợp,2 sao,Càng ngày số lượng xe nhập hàng càng nhiều nhưng bàn cân quá tệ cân xe Mỹ không đủ phải cắt mooc,6 năm trước
Viglacera,"Công ty Kính Nổi Viglacera Nhà cung cấp vật liệu xây dựng · Khu Sản Xuất, P",Thành Đức,2 sao,Khu Vực Kính Nổi Đông Đúc. Cẩn Thận Về Tài Sản. Đặc Biệt Là Xe Máy Dễ Bị Mất Trộm.,6 năm trước
Viglacera,"Công ty Kính Nổi Viglacera Nhà cung cấp vật liệu xây dựng · Khu Sản Xuất, P",Tran Yukina,5 sao,"Cho em xin DC cty Kinh , em muon mö Đại ly Kinh danh Kinh nhom cac Anh gop y cho e voi",9 năm trước
Viglacera,"Công ty Kính Nổi Viglacera Nhà cung cấp vật liệu xây dựng · Khu Sản Xuất, P",Quan Hoang Manh,5 sao,Là cty có nguồn lao động lớn cty có chế độ rất tốt,Thời gian chỉnh sửa: 7 năm trước
Viglacera,"Công ty Kính Nổi Viglacera Nhà cung cấp vật liệu xây dựng · Khu Sản Xuất, P",Khánh Nhôm,5 sao,"Ở đây có rất nhiều loại kính, tốt",2 năm trước
Viglacera,"Công ty Kính Nổi Viglacera Nhà cung cấp vật liệu xây dựng · Khu Sản Xuất, P",Minh Pham,4 sao,"Công ty sản xuất kinh nổi, cung cấp kính nổi trên thị trường",7 năm trước
Viglacera,"Công ty Kính Nổi Viglacera Nhà cung cấp vật liệu xây dựng · Khu Sản Xuất, P",Thanh Hoang,5 sao,"Cty sản xuất hoành tráng, công nhân đông nhưng gây ô nhiễm",5 năm trước
Viglacera,"Công ty Kính Nổi Viglacera Nhà cung cấp vật liệu xây dựng · Khu Sản Xuất, P",Quốc Cường Mai,5 sao,"Đẹp và hiện đại, sử dụng công nghệ cao nên ít công nhân",5 năm trước
Viglacera,"Công ty Kính Nổi Viglacera Nhà cung cấp vật liệu xây dựng · Khu Sản Xuất, P",Hiền Minh Trần,5 sao,Tốt về chất lượng hy vọng sản phẩm sau tốt hơn sản phẩm trước.,4 năm trước
Viglacera,"Công ty Kính Nổi Viglacera Nhà cung cấp vật liệu xây dựng · Khu Sản Xuất, P",Hiệp Nguyễn,3 sao,"Quy mô lớn, chất liệu cũng tốt nhưng xả khí thải nhiều",5 năm trước
Viglacera,"Công ty Kính Nổi Viglacera Nhà cung cấp vật liệu xây dựng · Khu Sản Xuất, P",Chiến Lê Văn,5 sao,Tuyệt vời,7 năm trước
Viglacera,"Công ty Kính Nổi Viglacera Nhà cung cấp vật liệu xây dựng · Khu Sản Xuất, P",Saemta Dân (Sameta),5 sao,Công ty rất ok với những người chăm chỉ,7 năm trước
Viglacera,"Công ty Kính Nổi Viglacera Nhà cung cấp vật liệu xây dựng · Khu Sản Xuất, P",03-89 Ngọc Anh,5 sao,Là công ty sản xuất đủ các loại kính,5 năm trước
Viglacera,"Công ty Kính Nổi Viglacera Nhà cung cấp vật liệu xây dựng · Khu Sản Xuất, P",MƯA ĐÁ,3 sao,Cty tạo ra nhiều khí thải gây ô nhiễm,6 năm trước
Viglacera,"Công ty Kính Nổi Viglacera Nhà cung cấp vật liệu xây dựng · Khu Sản Xuất, P",Mr Trần,4 sao,Chưa làm việc cụ thể. Chưa có đánh giá!,6 năm trước
Viglacera,"Công ty Kính Nổi Viglacera Nhà cung cấp vật liệu xây dựng · Khu Sản Xuất, P",Dương Ái My,5 sao,"làm việc chuyên nghiệp, nhiều ưu đãi cho nhân viên",7 năm trước
Viglacera,"Công ty Kính Nổi Viglacera Nhà cung cấp vật liệu xây dựng · Khu Sản Xuất, P",SunHuy Official,5 sao,Kính tốt.,5 năm trước
Viglacera,"Công ty Kính Nổi Viglacera Nhà cung cấp vật liệu xây dựng · Khu Sản Xuất, P",Vvv Gv,1 sao,Cho e hoi  cot khoi cao bao nhieu met ah,5 năm trước
Viglacera,"Công ty Kính Nổi Viglacera Nhà cung cấp vật liệu xây dựng · Khu Sản Xuất, P",Ha Hungvuong,5 sao,Đồ ăn ngon giá hợp lý,3 năm trước
Viglacera,"Công ty Kính Nổi Viglacera Nhà cung cấp vật liệu xây dựng · Khu Sản Xuất, P",khôi lầy GM,1 sao,Nhân viên chưa được hài lòng lắm,7 năm trước
Viglacera,"Công ty Kính Nổi Viglacera Nhà cung cấp vật liệu xây dựng · Khu Sản Xuất, P",Ngo Minh,3 sao,Công ty có ống khói nổi bật,6 năm trước
Viglacera,"Công ty Kính Nổi Viglacera Nhà cung cấp vật liệu xây dựng · Khu Sản Xuất, P",Tran Nhat,5 sao,Rất nổi tiếng,một năm trước
Viglacera,"Công ty Kính Nổi Viglacera Nhà cung cấp vật liệu xây dựng · Khu Sản Xuất, P",Gia Khanh Vương,3 sao,Cty nằm gần chợ Thông dụng,6 năm trước
Viglacera,"Công ty Kính Nổi Viglacera Nhà cung cấp vật liệu xây dựng · Khu Sản Xuất, P",BÌNH KHẤU,5 sao,"Ống khói cao vút, kính vụn như núi",Thời gian chỉnh sửa: 7 năm trước
Viglacera,"Công ty Kính Nổi Viglacera Nhà cung cấp vật liệu xây dựng · Khu Sản Xuất, P",Quang Le Viet,4 sao,Môi trường làm việc sạch sẽ thoáng mát,5 năm trước
Viglacera,"Công ty Kính Nổi Viglacera Nhà cung cấp vật liệu xây dựng · Khu Sản Xuất, P",Dinh Van Ngun,5 sao,Trong cty cong viec khinh nhu the nao,9 năm trước
Viglacera,"Công ty Kính Nổi Viglacera Nhà cung cấp vật liệu xây dựng · Khu Sản Xuất, P",Land Khải Hoàn,1 sao,"Ống khói lớn, ô nhiễm môi trường",5 năm trước
Viglacera,"Công ty Kính Nổi Viglacera Nhà cung cấp vật liệu xây dựng · Khu Sản Xuất, P",Anh Hào Nguyễn,4 sao,Công ty lớn nhưng khá cũ,Thời gian chỉnh sửa: 4 năm trước
Viglacera,"Công ty Kính Nổi Viglacera Nhà cung cấp vật liệu xây dựng · Khu Sản Xuất, P",ling fun,1 sao,Công ty nhà nước hay nhà nát đây,12 năm trước
Viglacera,"Công ty Kính Nổi Viglacera Nhà cung cấp vật liệu xây dựng · Khu Sản Xuất, P",phuong daochinh,5 sao,rất hài lòng,một năm trước
Viglacera,"Công ty Kính Nổi Viglacera Nhà cung cấp vật liệu xây dựng · Khu Sản Xuất, P",HoangAn Mr,5 sao,Đông công nhân,5 năm trước
Viglacera,"Công ty Kính Nổi Viglacera Nhà cung cấp vật liệu xây dựng · Khu Sản Xuất, P",Lò Lâm Ngữ (Nash Lo),5 sao,"Nhà máy lớn, hiện đại",9 năm trước
Viglacera,"Công ty Kính Nổi Viglacera Nhà cung cấp vật liệu xây dựng · Khu Sản Xuất, P",KARAOKE VANANH,3 sao,"Công ty khá ồn, đông người",9 năm trước
Viglacera,"Công ty Kính Nổi Viglacera Nhà cung cấp vật liệu xây dựng · Khu Sản Xuất, P",long phan,1 sao,Không có gì nổi bật,7 năm trước
Viglacera,"Công ty Kính Nổi Viglacera Nhà cung cấp vật liệu xây dựng · Khu Sản Xuất, P",Ba Nguyen Van,3 sao,Tổ chức sản xuất tốt,4 năm trước
Viglacera,"Công ty Kính Nổi Viglacera Nhà cung cấp vật liệu xây dựng · Khu Sản Xuất, P",Duong Binh,5 sao,Sửa chửa tivi loa keo,4 năm trước
Viglacera,"Công ty Kính Nổi Viglacera Nhà cung cấp vật liệu xây dựng · Khu Sản Xuất, P",Tiên Nguyễn,5 sao,Ngay nhà tôi,6 năm trước
Viglacera,"Công ty Kính Nổi Viglacera Nhà cung cấp vật liệu xây dựng · Khu Sản Xuất, P",Tam Ngã,5 sao,Thông tin đúng,2 năm trước
Viglacera,"Công ty Kính Nổi Viglacera Nhà cung cấp vật liệu xây dựng · Khu Sản Xuất, P",Gói hút ẩm,5 sao,Nơi sản xuất kính,6 năm trước
Viglacera,"Công ty Kính Nổi Viglacera Nhà cung cấp vật liệu xây dựng · Khu Sản Xuất, P",Phương Nguyễn Trọng,5 sao,Rất tốt,6 năm trước
Viglacera,"Công ty Kính Nổi Viglacera Nhà cung cấp vật liệu xây dựng · Khu Sản Xuất, P",Tuấn Nguyễn,4 sao,Cty rộng,6 năm trước
Viglacera,"Công ty Kính Nổi Viglacera Nhà cung cấp vật liệu xây dựng · Khu Sản Xuất, P",sam anh,5 sao,sản phẩm tốt,6 năm trước
Viglacera,"Công ty Kính Nổi Viglacera Nhà cung cấp vật liệu xây dựng · Khu Sản Xuất, P",Hoàng Anh Võ,5 sao,Khuôn viên quá đẹp,6 năm trước
Viglacera,"Công ty Kính Nổi Viglacera Nhà cung cấp vật liệu xây dựng · Khu Sản Xuất, P",Toan Bui,5 sao,Giat ui hoang son,Thời gian chỉnh sửa: 5 năm trước
Viglacera,"Công ty Kính Nổi Viglacera Nhà cung cấp vật liệu xây dựng · Khu Sản Xuất, P",TTDT Quay Phim Nhiep anh,5 sao,Sản phẩm ok,6 năm trước
Viglacera,"Công ty Kính Nổi Viglacera Nhà cung cấp vật liệu xây dựng · Khu Sản Xuất, P",Nhân Lê,5 sao,Tuyệt vời,2 năm trước
Viglacera,"Công ty Kính Nổi Viglacera Nhà cung cấp vật liệu xây dựng · Khu Sản Xuất, P",Hà Mạnh,4 sao,Khuôn viên xanh,7 năm trước
Viglacera,"Công ty Kính Nổi Viglacera Nhà cung cấp vật liệu xây dựng · Khu Sản Xuất, P",DRAGON WU,4 sao,San phẩm cao cấp,7 năm trước
Viglacera,"Công ty Kính Nổi Viglacera Nhà cung cấp vật liệu xây dựng · Khu Sản Xuất, P",ngoctien Nguyen,4 sao,Cung dc,7 năm trước
Viglacera,"Công ty Kính Nổi Viglacera Nhà cung cấp vật liệu xây dựng · Khu Sản Xuất, P",fiee fire chennol,2 sao,Cty đẹp,7 năm trước
Viglacera,"Công ty Kính Nổi Viglacera Nhà cung cấp vật liệu xây dựng · Khu Sản Xuất, P",Bobby Garber,3 sao,khu này tốt,9 năm trước
Viglacera,"Công ty Kính Nổi Viglacera Nhà cung cấp vật liệu xây dựng · Khu Sản Xuất, P",Omi om,5 sao,Một tập đoàn lớn,9 năm trước
Viglacera,"Công ty Kính Nổi Viglacera Nhà cung cấp vật liệu xây dựng · Khu Sản Xuất, P",Trang Nguyễn,5 sao,Tuyệt vời,4 năm trước
Viglacera,"Công ty Kính Nổi Viglacera Nhà cung cấp vật liệu xây dựng · Khu Sản Xuất, P",Thành Trung,5 sao,Công ty good,6 năm trước
Viglacera,"Công ty Kính Nổi Viglacera Nhà cung cấp vật liệu xây dựng · Khu Sản Xuất, P",Nhan Nguyen,5 sao,Công ty uy tín.,5 năm trước
Viglacera,"Công ty Kính Nổi Viglacera Nhà cung cấp vật liệu xây dựng · Khu Sản Xuất, P",nguyễn hòa kien,1 sao,Dĩ an bình dương,7 năm trước
Viglacera,"Công ty Kính Nổi Viglacera Nhà cung cấp vật liệu xây dựng · Khu Sản Xuất, P",Madita Mdt,5 sao,Tuyệt vời,9 năm trước
Viglacera,"Công ty Kính Nổi Viglacera Nhà cung cấp vật liệu xây dựng · Khu Sản Xuất, P",Tùng Xèng,5 sao,đúng,7 năm trước
Viglacera,"Công ty Kính Nổi Viglacera Nhà cung cấp vật liệu xây dựng · Khu Sản Xuất, P",Phan Tuấn (Rio),3 sao,tốt,8 năm trước
Viglacera,"Công ty Kính Nổi Viglacera Nhà cung cấp vật liệu xây dựng · Khu Sản Xuất, P",Nhật Vương,3 sao,Đẹp,9 năm trước
Viglacera,"Công ty Kính Nổi Viglacera Nhà cung cấp vật liệu xây dựng · Khu Sản Xuất, P",Tu Nguyen Khac,5 sao,Mời,7 năm trước
Viglacera,"Công ty Kính Nổi Viglacera Nhà cung cấp vật liệu xây dựng · Khu Sản Xuất, P",Quân Huỳnh,2 sao,dc,9 năm trước
Viglacera,"Công ty Kính Nổi Viglacera Nhà cung cấp vật liệu xây dựng · Khu Sản Xuất, P",CA Phan,5 sao,Thương hiệu Việt,7 năm trước
Viglacera,"Công ty Kính Nổi Viglacera Nhà cung cấp vật liệu xây dựng · Khu Sản Xuất, P",gia tri pham,4 sao,Kính Nổi Viglacera,8 năm trước
Viglacera,"Công ty Kính Nổi Viglacera Nhà cung cấp vật liệu xây dựng · Khu Sản Xuất, P",Thanh Thủ,5 sao,tốt,9 năm trước
Viglacera,"Công ty Kính Nổi Viglacera Nhà cung cấp vật liệu xây dựng · Khu Sản Xuất, P",朱坤煌,3 sao,Ao Ao E Ang Ao Ao Ah O E E ˊ Ah Ah Ah u nkhnu.ninnụjiuyy Ah Che Oh Ci Ou En E E E Ci Ye Yi Ang Ang hhjji i,8 năm trước
Viglacera,"Công ty Kính Nổi Viglacera Nhà cung cấp vật liệu xây dựng · Khu Sản Xuất, P",Cao Nam,5 sao,Yvbi kvd,3 năm trước
Viglacera,"Công ty Kính Nổi Viglacera Nhà cung cấp vật liệu xây dựng · Khu Sản Xuất, P",Đỗ Minh,5 sao,Cảnh quan tuyệt vời,7 năm trước
Viglacera,"Công ty Kính Nổi Viglacera Nhà cung cấp vật liệu xây dựng · Khu Sản Xuất, P",thuan nguyen duc,5 sao,Được rồi,một năm trước
Viglacera,"Công ty Kính Nổi Viglacera Nhà cung cấp vật liệu xây dựng · Khu Sản Xuất, P",Mightyman198x,5 sao,"Địa chỉ chính xác.

Sản phẩm tốt.",10 năm trước
Viglacera,"Công ty Kính Nổi Viglacera Nhà cung cấp vật liệu xây dựng · Khu Sản Xuất, P",VN Tv,5 sao,Google,2 năm trước
Viglacera,"Công ty Kính Nổi Viglacera Nhà cung cấp vật liệu xây dựng · Khu Sản Xuất, P",Trường Trung Tiểu Học Việt Anh 2,5 sao,Fgg,3 năm trước
Viglacera,"Công ty Kính Nổi Viglacera Nhà cung cấp vật liệu xây dựng · Khu Sản Xuất, P",Hằng Lê,4 sao,Okie,3 năm trước
Viglacera,"Công ty Kính Nổi Viglacera Nhà cung cấp vật liệu xây dựng · Khu Sản Xuất, P",ĐẶNG GIA CTY TNHH TM DV CÔNG NGHỆ,5 sao,Đồng ý,7 năm trước
Viglacera,"Công ty Kính Nổi Viglacera Nhà cung cấp vật liệu xây dựng · Khu Sản Xuất, P",liêuxieu việt,5 sao,Đúng,7 năm trước
Viglacera,"Công ty Kính Nổi Viglacera Nhà cung cấp vật liệu xây dựng · Khu Sản Xuất, P",nghia hoang trong,5 sao,Tốt,Thời gian chỉnh sửa: 7 năm trước
Viglacera,"Công ty Kính Nổi Viglacera Nhà cung cấp vật liệu xây dựng · Khu Sản Xuất, P",Phạm Công,2 sao,Xấu,8 năm trước
Viglacera,"Công ty Kính Nổi Viglacera Nhà cung cấp vật liệu xây dựng · Khu Sản Xuất, P",Manh Le Van,5 sao,Rất,5 năm trước
Viglacera,"Công ty Kính Nổi Viglacera Nhà cung cấp vật liệu xây dựng · Khu Sản Xuất, P",Thanh Nguyen Xuan,5 sao,Mục tiêu,10 năm trước
Viglacera,"Công ty Kính Nổi Viglacera Nhà cung cấp vật liệu xây dựng · Khu Sản Xuất, P",Tran Hanh,5 sao,Được rồi,3 năm trước
Viglacera,"Công ty Kính Nổi Viglacera Nhà cung cấp vật liệu xây dựng · Khu Sản Xuất, P",Tiền Hồ Taxi gia đình,5 sao,Được rồi,3 năm trước
Viglacera,"Công ty Kính Nổi Viglacera Nhà cung cấp vật liệu xây dựng · Khu Sản Xuất, P",Trinh Trần,5 sao,Được rồi,3 năm trước
Viglacera,"Công ty Kính Nổi Viglacera Nhà cung cấp vật liệu xây dựng · Khu Sản Xuất, P",anh ha dinh,5 sao,,3 tháng trước
Viglacera,"Công ty Kính Nổi Viglacera Nhà cung cấp vật liệu xây dựng · Khu Sản Xuất, P",Con bố hữu Cao qúy lâm,5 sao,,6 tháng trước
Viglacera,"Công ty Kính Nổi Viglacera Nhà cung cấp vật liệu xây dựng · Khu Sản Xuất, P",Ngọc Vũ,5 sao,,6 tháng trước
Viglacera,"Công ty Kính Nổi Viglacera Nhà cung cấp vật liệu xây dựng · Khu Sản Xuất, P",Tiến Dũng Đoàn,3 sao,,9 tháng trước
Viglacera,"Công ty Kính Nổi Viglacera Nhà cung cấp vật liệu xây dựng · Khu Sản Xuất, P",TOAN NGUYEN QUOC,5 sao,,9 tháng trước
Viglacera,"Công ty Kính Nổi Viglacera Nhà cung cấp vật liệu xây dựng · Khu Sản Xuất, P",Hoàn Nguyễn,5 sao,,9 tháng trước
Viglacera,"Công ty Kính Nổi Viglacera Nhà cung cấp vật liệu xây dựng · Khu Sản Xuất, P",hằng Linh,5 sao,,10 tháng trước
Viglacera,"Công ty Kính Nổi Viglacera Nhà cung cấp vật liệu xây dựng · Khu Sản Xuất, P",Đat Lê,5 sao,,11 tháng trước
Viglacera,"Công ty Kính Nổi Viglacera Nhà cung cấp vật liệu xây dựng · Khu Sản Xuất, P",nguyen le van,5 sao,,một năm trước
Viglacera,"Công ty Kính Nổi Viglacera Nhà cung cấp vật liệu xây dựng · Khu Sản Xuất, P",Anh Phương,5 sao,,một năm trước
Viglacera,"Công ty Kính Nổi Viglacera Nhà cung cấp vật liệu xây dựng · Khu Sản Xuất, P",Quoc Anh Nguyen,3 sao,,một năm trước
Viglacera,"Công ty Kính Nổi Viglacera Nhà cung cấp vật liệu xây dựng · Khu Sản Xuất, P",Duong Van Huan,5 sao,,Thời gian chỉnh sửa: một năm trước
Viglacera,"Công ty Kính Nổi Viglacera Nhà cung cấp vật liệu xây dựng · Khu Sản Xuất, P",Hải Phạm Bá,5 sao,,một năm trước
Viglacera,"Công ty Kính Nổi Viglacera Nhà cung cấp vật liệu xây dựng · Khu Sản Xuất, P",Văn Dũng Nguyen,5 sao,,một năm trước
Viglacera,"Công ty Kính Nổi Viglacera Nhà cung cấp vật liệu xây dựng · Khu Sản Xuất, P",hướng nguyễn,5 sao,,một năm trước
Viglacera,"Công ty Kính Nổi Viglacera Nhà cung cấp vật liệu xây dựng · Khu Sản Xuất, P",tran tam0211,4 sao,,một năm trước
Viglacera,"Công ty Kính Nổi Viglacera Nhà cung cấp vật liệu xây dựng · Khu Sản Xuất, P",Nguyễn Việt Tùng (Việt Tùng bad boy),5 sao,,2 năm trước
Viglacera,"Công ty Kính Nổi Viglacera Nhà cung cấp vật liệu xây dựng · Khu Sản Xuất, P",Nguyễn Hoàng,3 sao,,2 năm trước
Viglacera,"Công ty Kính Nổi Viglacera Nhà cung cấp vật liệu xây dựng · Khu Sản Xuất, P",Tươi Hồng,5 sao,,2 năm trước
Viglacera,"Công ty Kính Nổi Viglacera Nhà cung cấp vật liệu xây dựng · Khu Sản Xuất, P",Huynh Anh Thu B2111679,1 sao,,2 năm trước
Viglacera,"Công ty Kính Nổi Viglacera Nhà cung cấp vật liệu xây dựng · Khu Sản Xuất, P",Trung Nguyen,5 sao,,3 năm trước
Viglacera,"Công ty Kính Nổi Viglacera Nhà cung cấp vật liệu xây dựng · Khu Sản Xuất, P",Victory1984 Mac,3 sao,,3 năm trước
Viglacera,"Công ty Kính Nổi Viglacera Nhà cung cấp vật liệu xây dựng · Khu Sản Xuất, P",Cong,1 sao,,3 năm trước
Viglacera,"Công ty Kính Nổi Viglacera Nhà cung cấp vật liệu xây dựng · Khu Sản Xuất, P",Phix Nar,5 sao,,3 năm trước
Viglacera,"Công ty Kính Nổi Viglacera Nhà cung cấp vật liệu xây dựng · Khu Sản Xuất, P",Kin Nguyen,4 sao,,3 năm trước
Viglacera,"Công ty Kính Nổi Viglacera Nhà cung cấp vật liệu xây dựng · Khu Sản Xuất, P",Hoàn Nguyễn,4 sao,,3 năm trước
Viglacera,"Công ty Kính Nổi Viglacera Nhà cung cấp vật liệu xây dựng · Khu Sản Xuất, P",Thị Bình Đỗ,4 sao,,3 năm trước
Viglacera,"Công ty Kính Nổi Viglacera Nhà cung cấp vật liệu xây dựng · Khu Sản Xuất, P",Sĩ Nguyễn,5 sao,,4 năm trước
Viglacera,"Công ty Kính Nổi Viglacera Nhà cung cấp vật liệu xây dựng · Khu Sản Xuất, P",Hoàng Đình Tùng,3 sao,,4 năm trước
Viglacera,"Công ty Kính Nổi Viglacera Nhà cung cấp vật liệu xây dựng · Khu Sản Xuất, P",HỒNG ĐỨC SOLAR,4 sao,,4 năm trước
Viglacera,"Công ty Kính Nổi Viglacera Nhà cung cấp vật liệu xây dựng · Khu Sản Xuất, P",Mr. Century,3 sao,,4 năm trước
Viglacera,"Công ty Kính Nổi Viglacera Nhà cung cấp vật liệu xây dựng · Khu Sản Xuất, P",hoang le,5 sao,,4 năm trước
Viglacera,"Công ty Kính Nổi Viglacera Nhà cung cấp vật liệu xây dựng · Khu Sản Xuất, P",Quang Koy,4 sao,,4 năm trước
Viglacera,"Công ty Kính Nổi Viglacera Nhà cung cấp vật liệu xây dựng · Khu Sản Xuất, P",Le Nguyet,5 sao,,4 năm trước
Viglacera,"Công ty Kính Nổi Viglacera Nhà cung cấp vật liệu xây dựng · Khu Sản Xuất, P",Tường Nguyễn,2 sao,,4 năm trước
Viglacera,"Công ty Kính Nổi Viglacera Nhà cung cấp vật liệu xây dựng · Khu Sản Xuất, P",Nguyễn Quốc Khanh,3 sao,,4 năm trước
Viglacera,"Công ty Kính Nổi Viglacera Nhà cung cấp vật liệu xây dựng · Khu Sản Xuất, P",Dac Vi,5 sao,,5 năm trước
Viglacera,"Công ty Kính Nổi Viglacera Nhà cung cấp vật liệu xây dựng · Khu Sản Xuất, P",Ranko Lukić,5 sao,,5 năm trước
Viglacera,"Công ty Kính Nổi Viglacera Nhà cung cấp vật liệu xây dựng · Khu Sản Xuất, P",trân Lê,5 sao,,5 năm trước
Viglacera,"Công ty Kính Nổi Viglacera Nhà cung cấp vật liệu xây dựng · Khu Sản Xuất, P",thi nguyen dinh,5 sao,,5 năm trước
Viglacera,"Công ty Kính Nổi Viglacera Nhà cung cấp vật liệu xây dựng · Khu Sản Xuất, P",Chí Cuong Châu,5 sao,,5 năm trước
Viglacera,"Công ty Kính Nổi Viglacera Nhà cung cấp vật liệu xây dựng · Khu Sản Xuất, P",Đỗ Tuệ,3 sao,,5 năm trước
Viglacera,"Công ty Kính Nổi Viglacera Nhà cung cấp vật liệu xây dựng · Khu Sản Xuất, P",Y Thiên,5 sao,,5 năm trước
Viglacera,"Công ty Kính Nổi Viglacera Nhà cung cấp vật liệu xây dựng · Khu Sản Xuất, P",Minh Hung Nguyen,5 sao,,5 năm trước
Viglacera,"Công ty Kính Nổi Viglacera Nhà cung cấp vật liệu xây dựng · Khu Sản Xuất, P",Chí cường,5 sao,,5 năm trước
Viglacera,"Công ty Kính Nổi Viglacera Nhà cung cấp vật liệu xây dựng · Khu Sản Xuất, P",Hoang Nguyen,5 sao,,5 năm trước
Viglacera,"Công ty Kính Nổi Viglacera Nhà cung cấp vật liệu xây dựng · Khu Sản Xuất, P",Xuân Duẩn Nguyễn,5 sao,,5 năm trước
Viglacera,"Công ty Kính Nổi Viglacera Nhà cung cấp vật liệu xây dựng · Khu Sản Xuất, P",Quế Nguyễn,5 sao,,5 năm trước
Viglacera,"Công ty Kính Nổi Viglacera Nhà cung cấp vật liệu xây dựng · Khu Sản Xuất, P",Dung Nguyen,5 sao,,5 năm trước
Viglacera,"Công ty Kính Nổi Viglacera Nhà cung cấp vật liệu xây dựng · Khu Sản Xuất, P",Nhật Minh,5 sao,,5 năm trước
Viglacera,"Công ty Kính Nổi Viglacera Nhà cung cấp vật liệu xây dựng · Khu Sản Xuất, P",Thang Nguyễn,5 sao,,5 năm trước
Viglacera,"Công ty Kính Nổi Viglacera Nhà cung cấp vật liệu xây dựng · Khu Sản Xuất, P",Anh Lai,3 sao,,5 năm trước
Viglacera,"Công ty Kính Nổi Viglacera Nhà cung cấp vật liệu xây dựng · Khu Sản Xuất, P",Trang Trần,5 sao,,5 năm trước
Viglacera,"Công ty Kính Nổi Viglacera Nhà cung cấp vật liệu xây dựng · Khu Sản Xuất, P",Quang Phan,5 sao,,5 năm trước
Viglacera,"Công ty Kính Nổi Viglacera Nhà cung cấp vật liệu xây dựng · Khu Sản Xuất, P",RaĐin Nguyễn,5 sao,,5 năm trước
Viglacera,"Công ty Kính Nổi Viglacera Nhà cung cấp vật liệu xây dựng · Khu Sản Xuất, P",Nguyễn Huy Thạch,4 sao,,5 năm trước
Viglacera,"Công ty Kính Nổi Viglacera Nhà cung cấp vật liệu xây dựng · Khu Sản Xuất, P",Sang Nguyen,3 sao,,5 năm trước
Viglacera,"Công ty Kính Nổi Viglacera Nhà cung cấp vật liệu xây dựng · Khu Sản Xuất, P",Huy Bui,1 sao,,5 năm trước
Viglacera,"Công ty Kính Nổi Viglacera Nhà cung cấp vật liệu xây dựng · Khu Sản Xuất, P",Trang Hoang,5 sao,,5 năm trước
Viglacera,"Công ty Kính Nổi Viglacera Nhà cung cấp vật liệu xây dựng · Khu Sản Xuất, P",Duy linh Nguyễn,5 sao,,6 năm trước
Viglacera,"Công ty Kính Nổi Viglacera Nhà cung cấp vật liệu xây dựng · Khu Sản Xuất, P",Ngọc Trang Nguyễn Thị,5 sao,,6 năm trước
Viglacera,"Công ty Kính Nổi Viglacera Nhà cung cấp vật liệu xây dựng · Khu Sản Xuất, P",Gla Bảo 1.1,5 sao,,6 năm trước
Viglacera,"Công ty Kính Nổi Viglacera Nhà cung cấp vật liệu xây dựng · Khu Sản Xuất, P",H XxX,5 sao,,6 năm trước
Viglacera,"Công ty Kính Nổi Viglacera Nhà cung cấp vật liệu xây dựng · Khu Sản Xuất, P",blind Zhang,4 sao,,6 năm trước
Viglacera,"Công ty Kính Nổi Viglacera Nhà cung cấp vật liệu xây dựng · Khu Sản Xuất, P",Thảo Phạm,4 sao,,6 năm trước
Viglacera,"Công ty Kính Nổi Viglacera Nhà cung cấp vật liệu xây dựng · Khu Sản Xuất, P",Ðᗩ丅 (Firefly),5 sao,,6 năm trước
Viglacera,"Công ty Kính Nổi Viglacera Nhà cung cấp vật liệu xây dựng · Khu Sản Xuất, P",THANG amlt,4 sao,,6 năm trước
Viglacera,"Công ty Kính Nổi Viglacera Nhà cung cấp vật liệu xây dựng · Khu Sản Xuất, P",Hoc Hồ,5 sao,,6 năm trước
Viglacera,"Công ty Kính Nổi Viglacera Nhà cung cấp vật liệu xây dựng · Khu Sản Xuất, P",Steven Lê Channel,5 sao,,6 năm trước
Viglacera,"Công ty Kính Nổi Viglacera Nhà cung cấp vật liệu xây dựng · Khu Sản Xuất, P",NGUYEN VAN NGOC (MINH NGOC 37),4 sao,ĐƯỢC RỒI,6 năm trước
Viglacera,"Công ty Kính Nổi Viglacera Nhà cung cấp vật liệu xây dựng · Khu Sản Xuất, P",Marvel Comics G,3 sao,,6 năm trước
Viglacera,"Công ty Kính Nổi Viglacera Nhà cung cấp vật liệu xây dựng · Khu Sản Xuất, P",HÙNG PHAN,3 sao,,6 năm trước
Viglacera,"Công ty Kính Nổi Viglacera Nhà cung cấp vật liệu xây dựng · Khu Sản Xuất, P",Phuongnhu Dao,2 sao,,6 năm trước
Viglacera,"Công ty Kính Nổi Viglacera Nhà cung cấp vật liệu xây dựng · Khu Sản Xuất, P",QUANG HINH THIỀU HÀNG NHẬT,5 sao,,6 năm trước
Viglacera,"Công ty Kính Nổi Viglacera Nhà cung cấp vật liệu xây dựng · Khu Sản Xuất, P",phong huy,4 sao,,6 năm trước
Viglacera,"Công ty Kính Nổi Viglacera Nhà cung cấp vật liệu xây dựng · Khu Sản Xuất, P",game LQ TV,3 sao,,6 năm trước
Viglacera,"Công ty Kính Nổi Viglacera Nhà cung cấp vật liệu xây dựng · Khu Sản Xuất, P",Tranh Canvas ADAM,3 sao,,6 năm trước
Viglacera,"Công ty Kính Nổi Viglacera Nhà cung cấp vật liệu xây dựng · Khu Sản Xuất, P",Thảo Nidec Thanh,5 sao,,6 năm trước
Viglacera,"Công ty Kính Nổi Viglacera Nhà cung cấp vật liệu xây dựng · Khu Sản Xuất, P",Lê nhất Định,5 sao,,6 năm trước
Viglacera,"Công ty Kính Nổi Viglacera Nhà cung cấp vật liệu xây dựng · Khu Sản Xuất, P",Luan Tran Thien,5 sao,,6 năm trước
Viglacera,"Công ty Kính Nổi Viglacera Nhà cung cấp vật liệu xây dựng · Khu Sản Xuất, P",Hiếu Bùi Minh,3 sao,,6 năm trước
Viglacera,"Công ty Kính Nổi Viglacera Nhà cung cấp vật liệu xây dựng · Khu Sản Xuất, P",Nguyen Hoang Hai,5 sao,,6 năm trước
Viglacera,"Công ty Kính Nổi Viglacera Nhà cung cấp vật liệu xây dựng · Khu Sản Xuất, P",Thuong Nguyenthuong,5 sao,,6 năm trước
Viglacera,"Công ty Kính Nổi Viglacera Nhà cung cấp vật liệu xây dựng · Khu Sản Xuất, P",Nguyễn Giàu,5 sao,,7 năm trước
Viglacera,"Công ty Kính Nổi Viglacera Nhà cung cấp vật liệu xây dựng · Khu Sản Xuất, P",Truyen Tran Van,4 sao,,7 năm trước
Viglacera,"Công ty Kính Nổi Viglacera Nhà cung cấp vật liệu xây dựng · Khu Sản Xuất, P",Nguyễn Nguyễn,5 sao,,7 năm trước
Viglacera,"Công ty Kính Nổi Viglacera Nhà cung cấp vật liệu xây dựng · Khu Sản Xuất, P",Văn Đạt Huỳnh,5 sao,,7 năm trước
Viglacera,"Công ty Kính Nổi Viglacera Nhà cung cấp vật liệu xây dựng · Khu Sản Xuất, P",Hoa long,5 sao,,7 năm trước
Viglacera,"Công ty Kính Nổi Viglacera Nhà cung cấp vật liệu xây dựng · Khu Sản Xuất, P",Phương Đại Hồ Phan,4 sao,,7 năm trước
Viglacera,"Công ty Kính Nổi Viglacera Nhà cung cấp vật liệu xây dựng · Khu Sản Xuất, P",Ut Nguyen,5 sao,,7 năm trước
Viglacera,"Công ty Kính Nổi Viglacera Nhà cung cấp vật liệu xây dựng · Khu Sản Xuất, P",VĂN THẮNG LÊ,4 sao,,7 năm trước
Viglacera,"Công ty Kính Nổi Viglacera Nhà cung cấp vật liệu xây dựng · Khu Sản Xuất, P",THUỐC LÀO TIẾN HƯNG,4 sao,,7 năm trước
Viglacera,"Công ty Kính Nổi Viglacera Nhà cung cấp vật liệu xây dựng · Khu Sản Xuất, P",Chau Anh TV,5 sao,,7 năm trước
Viglacera,"Công ty Kính Nổi Viglacera Nhà cung cấp vật liệu xây dựng · Khu Sản Xuất, P",Gia Huy,3 sao,,7 năm trước
Viglacera,"Công ty Kính Nổi Viglacera Nhà cung cấp vật liệu xây dựng · Khu Sản Xuất, P",Hưng Tống,5 sao,,7 năm trước
Viglacera,"Công ty Kính Nổi Viglacera Nhà cung cấp vật liệu xây dựng · Khu Sản Xuất, P",Nguyễn Vũ Phong,5 sao,,7 năm trước
Viglacera,"Công ty Kính Nổi Viglacera Nhà cung cấp vật liệu xây dựng · Khu Sản Xuất, P",Linh Quốc,5 sao,,7 năm trước
Viglacera,"Công ty Kính Nổi Viglacera Nhà cung cấp vật liệu xây dựng · Khu Sản Xuất, P",Mindu Nguyen,5 sao,,7 năm trước
Viglacera,"Công ty Kính Nổi Viglacera Nhà cung cấp vật liệu xây dựng · Khu Sản Xuất, P",Johan80 Truong,2 sao,ĐƯỢC RỒI,7 năm trước
Viglacera,"Công ty Kính Nổi Viglacera Nhà cung cấp vật liệu xây dựng · Khu Sản Xuất, P",Hai Tran,4 sao,,7 năm trước
Viglacera,"Công ty Kính Nổi Viglacera Nhà cung cấp vật liệu xây dựng · Khu Sản Xuất, P",Vinh Nguyenquang,5 sao,,7 năm trước
Viglacera,"Công ty Kính Nổi Viglacera Nhà cung cấp vật liệu xây dựng · Khu Sản Xuất, P",Nguyễn Thành,3 sao,,7 năm trước
Viglacera,"Công ty Kính Nổi Viglacera Nhà cung cấp vật liệu xây dựng · Khu Sản Xuất, P",Minh Hoàng,4 sao,,Thời gian chỉnh sửa: 7 năm trước
Viglacera,"Công ty Kính Nổi Viglacera Nhà cung cấp vật liệu xây dựng · Khu Sản Xuất, P",Đại Nam Trần,5 sao,Được rồi,7 năm trước
Viglacera,"Công ty Kính Nổi Viglacera Nhà cung cấp vật liệu xây dựng · Khu Sản Xuất, P",Chính Quốc,5 sao,,7 năm trước
Viglacera,"Công ty Kính Nổi Viglacera Nhà cung cấp vật liệu xây dựng · Khu Sản Xuất, P",Xuân Lĩnh Lê,5 sao,,7 năm trước
Viglacera,"Công ty Kính Nổi Viglacera Nhà cung cấp vật liệu xây dựng · Khu Sản Xuất, P",Thang Bui Dinh,5 sao,,7 năm trước
Viglacera,"Công ty Kính Nổi Viglacera Nhà cung cấp vật liệu xây dựng · Khu Sản Xuất, P",Dang Diem,5 sao,,7 năm trước
Viglacera,"Công ty Kính Nổi Viglacera Nhà cung cấp vật liệu xây dựng · Khu Sản Xuất, P",Đức Hưng TV,3 sao,,7 năm trước
Viglacera,"Công ty Kính Nổi Viglacera Nhà cung cấp vật liệu xây dựng · Khu Sản Xuất, P",tu nguyen,5 sao,,7 năm trước
Viglacera,"Công ty Kính Nổi Viglacera Nhà cung cấp vật liệu xây dựng · Khu Sản Xuất, P",thi trần KG,3 sao,,7 năm trước
Viglacera,"Công ty Kính Nổi Viglacera Nhà cung cấp vật liệu xây dựng · Khu Sản Xuất, P",bao le,5 sao,,7 năm trước
Viglacera,"Công ty Kính Nổi Viglacera Nhà cung cấp vật liệu xây dựng · Khu Sản Xuất, P",Peace Nguyễn,3 sao,,7 năm trước
Viglacera,"Công ty Kính Nổi Viglacera Nhà cung cấp vật liệu xây dựng · Khu Sản Xuất, P",Duy Dinh,4 sao,,7 năm trước
Viglacera,"Công ty Kính Nổi Viglacera Nhà cung cấp vật liệu xây dựng · Khu Sản Xuất, P",Hòa Trần,5 sao,,7 năm trước
Viglacera,"Công ty Kính Nổi Viglacera Nhà cung cấp vật liệu xây dựng · Khu Sản Xuất, P",Nuong Pham,3 sao,,8 năm trước
Viglacera,"Công ty Kính Nổi Viglacera Nhà cung cấp vật liệu xây dựng · Khu Sản Xuất, P",Ductoan Ngo,4 sao,,8 năm trước
Viglacera,"Công ty Kính Nổi Viglacera Nhà cung cấp vật liệu xây dựng · Khu Sản Xuất, P",Canh Tran,5 sao,,8 năm trước
Viglacera,"Công ty Kính Nổi Viglacera Nhà cung cấp vật liệu xây dựng · Khu Sản Xuất, P",Thoại Ngô,5 sao,,8 năm trước
Viglacera,"Công ty Kính Nổi Viglacera Nhà cung cấp vật liệu xây dựng · Khu Sản Xuất, P",Vta Vta,4 sao,,8 năm trước
Viglacera,"Công ty Kính Nổi Viglacera Nhà cung cấp vật liệu xây dựng · Khu Sản Xuất, P",tình anh,2 sao,,8 năm trước
Viglacera,"Công ty Kính Nổi Viglacera Nhà cung cấp vật liệu xây dựng · Khu Sản Xuất, P",tung le,1 sao,,9 năm trước
Viglacera,"Công ty Kính Nổi Viglacera Nhà cung cấp vật liệu xây dựng · Khu Sản Xuất, P",Production Ngọc Huy (NH),5 sao,,10 năm trước
Viglacera,"Công ty Kính Nổi Viglacera Nhà cung cấp vật liệu xây dựng · Khu Sản Xuất, P",dinh nguyen,5 sao,,10 năm trước
Viglacera,"Công ty Kính Nổi Viglacera Nhà cung cấp vật liệu xây dựng · Khu Sản Xuất, P",Bảo Trần,5 sao,,10 năm trước
Viglacera,"Công ty Kính Nổi Viglacera Nhà cung cấp vật liệu xây dựng · Khu Sản Xuất, P",Lân Arsenal,5 sao,,11 năm trước
Viglacera,Viglacera store Cửa hàng nội thất · 901 Đ. Phan Văn Trị,Kim Thiên,5 sao,"gạch ở đây chuẩn hãng, đúng mẫu mã, nv phục vụ tận tình, chu đáo, nhà mình lấy trọn cả gạch và thiết bị bên này,nói chung rất  hài lòng.",8 tháng trước
Viglacera,Viglacera store Cửa hàng nội thất · 901 Đ. Phan Văn Trị,Nguyễn Vân,5 sao,"Cửa hàng nằm trên đường phan văn trị, quận gò vấp. Khá dễ tìm. Chị chủ tư vấn nhiệt tình và mình thấy sản phẩm đa dạng giá phù hợp với chất lượng",một năm trước
Viglacera,Viglacera store Cửa hàng nội thất · 901 Đ. Phan Văn Trị,Xuân Phú,5 sao,"Cửa hàng bán thiết bị gạch của Viglacare chính hãng nhé mọi người, tư vấn và đồ đúng chất lượng",một năm trước
Viglacera,Viglacera store Cửa hàng nội thất · 901 Đ. Phan Văn Trị,Nguyễn Hoàng Thống,5 sao,"nội thất sang trọng, chất lượng cũng tốt nhân viên hỗ tư vấn nhiệt tình",một năm trước
Viglacera,Viglacera store Cửa hàng nội thất · 901 Đ. Phan Văn Trị,Thu Hà,5 sao,Wow cửa hàng đã bán đồ sịn lại còn tư vấn nhiệt tìnhh 10000 điểm không có nhưng,một năm trước
Viglacera,Viglacera store Cửa hàng nội thất · 901 Đ. Phan Văn Trị,Thị phượng Võ,5 sao,"Chất lượng sản phẩm tốt, giá cả hợp lí, nhân viên nhiệt tình tư vấn, quá ok",một năm trước
Viglacera,Viglacera store Cửa hàng nội thất · 901 Đ. Phan Văn Trị,Hậu Nguyễn Hữu,5 sao,"Sản phẩm chất lượng, tư vấn nhiệt tình",một năm trước
Viglacera,Viglacera store Cửa hàng nội thất · 901 Đ. Phan Văn Trị,Vy Yến,5 sao,"hàng chất lượng cao, giá cả hợp lí phải chăng, đã mua và trải nghiệm sp máy rửa chén. mãi ủng hộ doanh nghiệp !!!!",một năm trước
Viglacera,Viglacera store Cửa hàng nội thất · 901 Đ. Phan Văn Trị,thanh dao kim,5 sao,"Sản phẩm tốt, giá cả hợp lý. Đặc biệt showroom có bạn Hiếu tư vấn rất nhiệt tình,chăm sóc chu đáo.",một năm trước
Viglacera,Viglacera store Cửa hàng nội thất · 901 Đ. Phan Văn Trị,An Tú,1 sao,Giá đắt. Cửa hàng chuyên Viglacera mà ván đắt hơn bên ngoài gần 25%. Ớn luôn 😓 …,một năm trước
Viglacera,Viglacera store Cửa hàng nội thất · 901 Đ. Phan Văn Trị,Tran Le Xuan,5 sao,Mình đã sử dụng và thấy ok. Giá cả chất lượng và phục vụ tốt. Lần sau sẽ còn quay lại.,một năm trước
Viglacera,Viglacera store Cửa hàng nội thất · 901 Đ. Phan Văn Trị,Thịnh Nguyễn,5 sao,"Hỗ trợ nhiệt tình, chất lượng sp tốt, nên trải nghiệm",một năm trước
Viglacera,Viglacera store Cửa hàng nội thất · 901 Đ. Phan Văn Trị,Mai Huỳnh,5 sao,Sản phẩm đa dạng nhiều mẫu đẹp. Nhân viên tư vấn nhiệt tình. Sẽ ủng hộ tiếp.,một năm trước
Viglacera,Viglacera store Cửa hàng nội thất · 901 Đ. Phan Văn Trị,Nghiêm Đinh Văn,5 sao,"Nhân viên phục vụ rất nhiệt tình , hàng chất lượng . Mình cảm thấy rất hài lòng",một năm trước
Viglacera,Viglacera store Cửa hàng nội thất · 901 Đ. Phan Văn Trị,Lâm Đỗ,5 sao,"Nv phục vụ tận tâm, hướng dẫn chu đáo, mẫu mã đa dạng, giá cả hợp lý.",một năm trước
Viglacera,Viglacera store Cửa hàng nội thất · 901 Đ. Phan Văn Trị,Nguyễn Diệu Linh,5 sao,"Nhân viên tư vấn kĩ lưỡng nhiệt tình, mẫu mã đẹp, rất chất lượng 👍 …",một năm trước
Viglacera,Viglacera store Cửa hàng nội thất · 901 Đ. Phan Văn Trị,Châu Nguyễn,5 sao,"Nhân viên rất nhiệt tình, sản phẩm chất lượng giá thành hợp lý.",một năm trước
Viglacera,Viglacera store Cửa hàng nội thất · 901 Đ. Phan Văn Trị,tinh huy,5 sao,"Sản phẩm chính hãng, chất lượng, phục vụ t sao",Thời gian chỉnh sửa: một năm trước
Viglacera,Viglacera store Cửa hàng nội thất · 901 Đ. Phan Văn Trị,Phúc Đinh,5 sao,"showroom đẹp,nv nhiệt tình,rất hài lòng với sản phẩm.",một năm trước
Viglacera,Viglacera store Cửa hàng nội thất · 901 Đ. Phan Văn Trị,Panelpu Vân,5 sao,"Cửa hàng uy tín, hàng chính hãng, giá tốt",một năm trước
Viglacera,Viglacera store Cửa hàng nội thất · 901 Đ. Phan Văn Trị,Thùy Như,5 sao,"Nhân viên tư vấn nhiệt tình, tư vấn đúng với chất lượng sản phẩm",một năm trước
Viglacera,Viglacera store Cửa hàng nội thất · 901 Đ. Phan Văn Trị,Tuyền Trần,5 sao,"Chất lượng tốt tư vấn nhiệt tình,mẫu mã đa dạng",một năm trước
Viglacera,Viglacera store Cửa hàng nội thất · 901 Đ. Phan Văn Trị,Tâm Minh,5 sao,Sản phẩm chất lượng. Giới thiệu phục vụ nhiệt tình. Không gian cửa hàng thoáng mát sạch sẻ,3 năm trước
Viglacera,Viglacera store Cửa hàng nội thất · 901 Đ. Phan Văn Trị,Ha Đăng,1 sao,Cửa hàng có làm việc ngày cn k,một năm trước
Viglacera,Viglacera store Cửa hàng nội thất · 901 Đ. Phan Văn Trị,Bui Ha,5 sao,"Mặt hàng phong phú, chất lượng tốt, giá cả ok !",một năm trước
Viglacera,Viglacera store Cửa hàng nội thất · 901 Đ. Phan Văn Trị,sale6.bmt2 sale6.bmt2,5 sao,uy tín chất lượng nhân viên tư vấn nhiệt tình,một năm trước
Viglacera,Viglacera store Cửa hàng nội thất · 901 Đ. Phan Văn Trị,0455_Tạ Huỳnh Minh Quang,5 sao,"Dịch vụ tốt, hỗ trợ nhiệt tình",một năm trước
Viglacera,Viglacera store Cửa hàng nội thất · 901 Đ. Phan Văn Trị,Lương Minh Thu (Tấm Nhựa Đài Loan),5 sao,Phục vụ rất tốt và đa dạng sản phẩm,một năm trước
Viglacera,Viglacera store Cửa hàng nội thất · 901 Đ. Phan Văn Trị,huy huy,5 sao,"Bán hàng uy tín , dịch vụ tốt",một năm trước
Viglacera,Viglacera store Cửa hàng nội thất · 901 Đ. Phan Văn Trị,giang Giang,5 sao,Sản phẩm chất lượng. Nv nhiệt tình,một năm trước
Viglacera,Viglacera store Cửa hàng nội thất · 901 Đ. Phan Văn Trị,Thanhbinh Trần,5 sao,"nv nhiệt tình , hàng đẹp nhiều mẫu mã giá tốt",3 năm trước
Viglacera,Viglacera store Cửa hàng nội thất · 901 Đ. Phan Văn Trị,Đặng Hoàng Long,5 sao,Chất lương lượng uy tín,một năm trước
Viglacera,Viglacera store Cửa hàng nội thất · 901 Đ. Phan Văn Trị,Tiến Đỗ Minh,5 sao,"Xịn xò, giá cả hợp lý",một năm trước
Viglacera,Viglacera store Cửa hàng nội thất · 901 Đ. Phan Văn Trị,Manh Bui,5 sao,"Uy tín , chất lượng",3 năm trước
Viglacera,Viglacera store Cửa hàng nội thất · 901 Đ. Phan Văn Trị,Nhự Nguyễn Xuân,5 sao,"Nhân viên rất nhiệt tình, sản phẩm chất lượng, chính hãng, giá thành rất hợp lý!",một tháng trước
Viglacera,Viglacera store Cửa hàng nội thất · 901 Đ. Phan Văn Trị,Hoàng Nhật Long,5 sao,công việc tốt đáng kinh ngạc .,một năm trước
Viglacera,Viglacera store Cửa hàng nội thất · 901 Đ. Phan Văn Trị,Phú Tài Phan,5 sao,,một năm trước
Viglacera,Viglacera store Cửa hàng nội thất · 901 Đ. Phan Văn Trị,trà hương,5 sao,,một năm trước
Viglacera,Viglacera store Cửa hàng nội thất · 901 Đ. Phan Văn Trị,Nguyễn Trình Công,5 sao,,một năm trước
Viglacera,Viglacera store Cửa hàng nội thất · 901 Đ. Phan Văn Trị,Nguyen Hoang Duc,5 sao,,một năm trước
Viglacera,Viglacera store Cửa hàng nội thất · 901 Đ. Phan Văn Trị,phuc nguyen le,5 sao,,một năm trước
Viglacera,Viglacera store Cửa hàng nội thất · 901 Đ. Phan Văn Trị,Gia Hân Trần,5 sao,,một năm trước
Viglacera,Viglacera store Cửa hàng nội thất · 901 Đ. Phan Văn Trị,Ngân Nguyễn,5 sao,,một năm trước
Viglacera,Viglacera store Cửa hàng nội thất · 901 Đ. Phan Văn Trị,Quyên Phương,5 sao,,một năm trước
Viglacera,Viglacera store Cửa hàng nội thất · 901 Đ. Phan Văn Trị,Phạm Gia Bảo Ngọc,5 sao,,một năm trước
Viglacera,Viglacera store Cửa hàng nội thất · 901 Đ. Phan Văn Trị,Yukine.,5 sao,,một năm trước
Viglacera,Viglacera store Cửa hàng nội thất · 901 Đ. Phan Văn Trị,kiên trần,5 sao,,một năm trước
Viglacera,Viglacera store Cửa hàng nội thất · 901 Đ. Phan Văn Trị,Nghi Đỗ,5 sao,,một năm trước
Viglacera,Viglacera store Cửa hàng nội thất · 901 Đ. Phan Văn Trị,Bich Thuy,5 sao,,một năm trước
Viglacera,Viglacera store Cửa hàng nội thất · 901 Đ. Phan Văn Trị,Van Nguyen,5 sao,,một năm trước
Viglacera,Viglacera store Cửa hàng nội thất · 901 Đ. Phan Văn Trị,Nhi Trần,5 sao,,một năm trước
Viglacera,Viglacera store Cửa hàng nội thất · 901 Đ. Phan Văn Trị,LUU QUANG,5 sao,,3 năm trước
Viglacera,Viglacera store Cửa hàng nội thất · 901 Đ. Phan Văn Trị,Hiếu Thanh Lương,5 sao,,3 năm trước
Viglacera,Viglacera store Cửa hàng nội thất · 901 Đ. Phan Văn Trị,Chiến Nguyễn,5 sao,,3 năm trước
Viglacera,SHOWROOM VIGLACERA - CÔNG TY CP TM VIGLACERA CHI NHÁNH MIỀN NAM Nhà cung cấp thiết bị xây dựng · 34 Nguyễn Cơ Thạch,BINH THANH LUONG,5 sao,"Vasta Stone Signature Showroom mới khai trương của cty thương mại Viglacera  tại The River Thủ Thiêm, TP.HCM.
Trưng bày các tấm đá nung kết khổ lớn (1,6x3,2m) ứng dụng công nghệ sản xuất …",Thời gian chỉnh sửa: 7 tháng trước
Viglacera,SHOWROOM VIGLACERA - CÔNG TY CP TM VIGLACERA CHI NHÁNH MIỀN NAM Nhà cung cấp thiết bị xây dựng · 34 Nguyễn Cơ Thạch,Quốc Huỳnh Phước,5 sao,"Không gian showroom rộng rãi, nhiều mặt hàng mới, đẹp.",một năm trước
Viglacera,SHOWROOM VIGLACERA - CÔNG TY CP TM VIGLACERA CHI NHÁNH MIỀN NAM Nhà cung cấp thiết bị xây dựng · 34 Nguyễn Cơ Thạch,Diep Pham,1 sao,"Nhân viên bị khiếm khuyết về mặt ngôn ngữ, thái độ với khách hàng",6 tháng trước
Viglacera,SHOWROOM VIGLACERA - CÔNG TY CP TM VIGLACERA CHI NHÁNH MIỀN NAM Nhà cung cấp thiết bị xây dựng · 34 Nguyễn Cơ Thạch,huy mai đức,5 sao,Showroom trưng bày các sản phẩm viglacera 🏆 …,Thời gian chỉnh sửa: 6 tháng trước
Viglacera,SHOWROOM VIGLACERA - CÔNG TY CP TM VIGLACERA CHI NHÁNH MIỀN NAM Nhà cung cấp thiết bị xây dựng · 34 Nguyễn Cơ Thạch,TT Mori,3 sao,"Vigracera is a well known local manufacturer of ceramic products. For construction project, I came here to check their tile product lines. I wanted to compare with Vietceramics.

The showroom offers many oversized tiles and catch eyes of visiors. These are not bad at all, but, compared with imports from Europe, China, and India, the tile design are not refined. It tends to be crude and lacks subtlety. It looks good on big showroom, but, could be tiring or boring if you look everyday at home. The price is not cheap either, on par with those from China dnd India. Vietnam tiles are still long way to go.

Additional note. This showroom was manned by a very few staff who lacks professional knowledge or motivation to help customers. It was disappointment. You should go to Vietceramics or Laxcasa for authentic tiles.",6 tháng trước
Viglacera,SHOWROOM VIGLACERA - CÔNG TY CP TM VIGLACERA CHI NHÁNH MIỀN NAM Nhà cung cấp thiết bị xây dựng · 34 Nguyễn Cơ Thạch,Kế Ngọt Quê Hương vlog,5 sao,,một năm trước
Viglacera,SHOWROOM VIGLACERA - CÔNG TY CP TM VIGLACERA CHI NHÁNH MIỀN NAM Nhà cung cấp thiết bị xây dựng · 34 Nguyễn Cơ Thạch,Kevin Wortz,5 sao,,một năm trước
Viglacera,SHOWROOM VIGLACERA - CÔNG TY CP TM VIGLACERA CHI NHÁNH MIỀN NAM Nhà cung cấp thiết bị xây dựng · 34 Nguyễn Cơ Thạch,LAN - HUNGTC10,5 sao,,3 năm trước
Viglacera,Showroom Viglacera Cửa hàng vật liệu xây dựng · 270 Đ. Lý Thường Kiệt,Hoàng Hà Nguyễn,5 sao,"Chị Thủy chủ showroom bán hàng rất uy tín, giao hàng đúng hẹn.

Gạch Viglacera mình chọn là loại có thương hiệu, sản xuất tại Việt Nam chất …",9 tháng trước
Viglacera,Showroom Viglacera Cửa hàng vật liệu xây dựng · 270 Đ. Lý Thường Kiệt,AquaGarden,5 sao,Nhân viên nhiệt tình không thái độ,5 tháng trước
Viglacera,Showroom Viglacera Cửa hàng vật liệu xây dựng · 270 Đ. Lý Thường Kiệt,Thanh Nguyen,1 sao,"Nhân viên cửa hàng này bán hàng không trung thực. Đặt gạch loại 1, nhưng giao gạch loại 2 hay 3 gì đấy, gạch lỗi màu.",2 năm trước
Viglacera,Showroom Viglacera Cửa hàng vật liệu xây dựng · 270 Đ. Lý Thường Kiệt,Tuấn Trương,5 sao,nhân viên nữ Thu Anh rất là dễ thương phụ vụ nhiệt tình chu đáo ân cần,3 năm trước
Viglacera,Showroom Viglacera Cửa hàng vật liệu xây dựng · 270 Đ. Lý Thường Kiệt,Dung Phan,4 sao,"Tư vấn nhiệt tình , giá cả hợp lý
Sẽ giới thiệu nhiều người",3 năm trước
Viglacera,Showroom Viglacera Cửa hàng vật liệu xây dựng · 270 Đ. Lý Thường Kiệt,Hoàng Thị Mỹ Hoa,5 sao,"Nhân viên nhiệt tình, tư vấn rõ ràng cụ thể.",3 năm trước
Viglacera,Showroom Viglacera Cửa hàng vật liệu xây dựng · 270 Đ. Lý Thường Kiệt,36 - Hồ Việt,5 sao,Nhân viên tư vấn nhiệt tình,3 năm trước
Viglacera,Showroom Viglacera Cửa hàng vật liệu xây dựng · 270 Đ. Lý Thường Kiệt,0847_Chung Thị kiều Trang,5 sao,Nhân viên tư vấn nhiệt tìnhhhh,3 năm trước
Viglacera,Showroom Viglacera Cửa hàng vật liệu xây dựng · 270 Đ. Lý Thường Kiệt,Như Ý Nguyễn,5 sao,tốt,3 năm trước
Viglacera,Showroom Viglacera Cửa hàng vật liệu xây dựng · 270 Đ. Lý Thường Kiệt,Thanh Hà Văn,5 sao,Tốt,3 năm trước
Viglacera,Showroom Viglacera Cửa hàng vật liệu xây dựng · 270 Đ. Lý Thường Kiệt,Lê thu Phương,5 sao,Tốt,3 năm trước
Viglacera,Showroom Viglacera Cửa hàng vật liệu xây dựng · 270 Đ. Lý Thường Kiệt,Kevin Wortz,5 sao,,một năm trước
Viglacera,Showroom Viglacera Cửa hàng vật liệu xây dựng · 270 Đ. Lý Thường Kiệt,Kiệt Lê,5 sao,,3 năm trước
Viglacera,Showroom Viglacera Cửa hàng vật liệu xây dựng · 270 Đ. Lý Thường Kiệt,Cẩm Ly,5 sao,,3 năm trước
Viglacera,Showroom Viglacera Cửa hàng vật liệu xây dựng · 270 Đ. Lý Thường Kiệt,huy phan,5 sao,,3 năm trước
Viglacera,Showroom Viglacera Cửa hàng vật liệu xây dựng · 270 Đ. Lý Thường Kiệt,Thu Anh Dang,5 sao,,3 năm trước
Viglacera,Showroom Viglacera Cửa hàng vật liệu xây dựng · 270 Đ. Lý Thường Kiệt,Hoà Lương văn,5 sao,,3 năm trước
Viglacera,"Viglacera Cửa hàng vật liệu xây dựng · 672A41-42, Đ. Phan Văn Trị",Ranko Lukić,5 sao,"Viglacera sanitary ware showroom, nice choice. Part of the Viglacera Corporation which is the largest building materials group in Vietnam. Have some pretty cool pieces designed by Italian designers and it really looks great.",4 năm trước
Viglacera,"Viglacera Cửa hàng vật liệu xây dựng · 672A41-42, Đ. Phan Văn Trị",Tuân Trần,4 sao,Được rồi,Thời gian chỉnh sửa: 3 năm trước
Viglacera,"Viglacera Cửa hàng vật liệu xây dựng · 672A41-42, Đ. Phan Văn Trị",Nhân Kỳ,5 sao,,3 năm trước
Viglacera,viglacera hcm Cửa hàng vật liệu xây dựng · 829 Huỳnh Tấn Phát,thanh nguyen,5 sao,"hàng đẹp, chính hãng, giá mềm",4 năm trước
Viglacera,viglacera hcm Cửa hàng vật liệu xây dựng · 829 Huỳnh Tấn Phát,Phan Thanh Phong,1 sao,,6 tháng trước
Viglacera,viglacera hcm Cửa hàng vật liệu xây dựng · 829 Huỳnh Tấn Phát,sg7 vn,5 sao,,một năm trước
Viglacera,"Chi Nhánh Công Ty Cổ Phần Thương Mại Viglacera Cửa hàng vật liệu xây dựng · 672A32 - 672A33, Đ. Phan Văn Trị",Hồng Ân Hoàng,1 sao,Quá tệ ko có cửa hàng,4 năm trước
Viglacera,"Chi Nhánh Công Ty Cổ Phần Thương Mại Viglacera Cửa hàng vật liệu xây dựng · 672A32 - 672A33, Đ. Phan Văn Trị",Vi Nguyen,5 sao,,9 tháng trước
Viglacera,"Chi Nhánh Công Ty Cổ Phần Thương Mại Viglacera Cửa hàng vật liệu xây dựng · 672A32 - 672A33, Đ. Phan Văn Trị",Thi Phan Hoang,5 sao,,2 năm trước
Viglacera,"Viglacera Mỹ Xuân Văn phòng công ty ·  · J2VG+R8X, KCN Mỹ Xuân A, tỉnh Bà Rịa Vũng Tàu",Cường Super,5 sao,"Dự án Nhà máy Sứ Viglacera Mỹ Xuân có tổng mức đầu tư gần 500 tỷ đồng với công suất 750.000 sản phẩm/năm. Nhà máy Sứ Viglacera Mỹ Xuân được khởi công vào tháng 7/2016 tại KCN Mỹ Xuân A, huyện Tân Thành, tỉnh Bà Rịa -Vũng Tàu. Đây là một dự …",một năm trước
Viglacera,"Viglacera Mỹ Xuân Văn phòng công ty ·  · J2VG+R8X, KCN Mỹ Xuân A, tỉnh Bà Rịa Vũng Tàu",tuyen Dinh,4 sao,Môi trường xung quanh nhà máy sắp xếp khá gọn gàng.. sạch đẹp,6 năm trước
Viglacera,"Viglacera Mỹ Xuân Văn phòng công ty ·  · J2VG+R8X, KCN Mỹ Xuân A, tỉnh Bà Rịa Vũng Tàu",huy mai đức,5 sao,"Nhà máy sx sứ vệ sinh Viglacera
Thương hiệu quốc gia
Hàng việt nam chất lượng cao",Thời gian chỉnh sửa: 10 tháng trước
Viglacera,"Viglacera Mỹ Xuân Văn phòng công ty ·  · J2VG+R8X, KCN Mỹ Xuân A, tỉnh Bà Rịa Vũng Tàu",tep phc,3 sao,Sản phẩm thì ok. Mà nghe thấy nhiều phốt quá,5 năm trước
Viglacera,"Viglacera Mỹ Xuân Văn phòng công ty ·  · J2VG+R8X, KCN Mỹ Xuân A, tỉnh Bà Rịa Vũng Tàu",Xương cá TV,5 sao,Nhà máy sứ công xuất lớn nhất của Tổng cty sứ Viglacera.,7 năm trước
Viglacera,"Viglacera Mỹ Xuân Văn phòng công ty ·  · J2VG+R8X, KCN Mỹ Xuân A, tỉnh Bà Rịa Vũng Tàu",Tuan Dung Dinh Nguyen,4 sao,"Chỉ là nơi sản xuất, liên hệ công việc.",6 năm trước
Viglacera,"Viglacera Mỹ Xuân Văn phòng công ty ·  · J2VG+R8X, KCN Mỹ Xuân A, tỉnh Bà Rịa Vũng Tàu",Lê Ban Mai,5 sao,"Môi trường trong lành, sạch sẽ, văn minh!",3 năm trước
Viglacera,"Viglacera Mỹ Xuân Văn phòng công ty ·  · J2VG+R8X, KCN Mỹ Xuân A, tỉnh Bà Rịa Vũng Tàu",Thành trung Mai,5 sao,Cty mình còn tuyển hk ạ,3 năm trước
Viglacera,"Viglacera Mỹ Xuân Văn phòng công ty ·  · J2VG+R8X, KCN Mỹ Xuân A, tỉnh Bà Rịa Vũng Tàu",Hoàng hoa,2 sao,Quá bụi bặm,7 năm trước
Viglacera,"Viglacera Mỹ Xuân Văn phòng công ty ·  · J2VG+R8X, KCN Mỹ Xuân A, tỉnh Bà Rịa Vũng Tàu",Vu Truong Thanh,4 sao,"Nhà máy mới, đẹp",8 năm trước
Viglacera,"Viglacera Mỹ Xuân Văn phòng công ty ·  · J2VG+R8X, KCN Mỹ Xuân A, tỉnh Bà Rịa Vũng Tàu",Nhật Nguyễn,5 sao,,2 tháng trước
Viglacera,"Viglacera Mỹ Xuân Văn phòng công ty ·  · J2VG+R8X, KCN Mỹ Xuân A, tỉnh Bà Rịa Vũng Tàu",hoang nguyen,5 sao,,6 tháng trước
Viglacera,"Viglacera Mỹ Xuân Văn phòng công ty ·  · J2VG+R8X, KCN Mỹ Xuân A, tỉnh Bà Rịa Vũng Tàu",Hoàng Nguyễn Thế Minh,4 sao,,10 tháng trước
Viglacera,"Viglacera Mỹ Xuân Văn phòng công ty ·  · J2VG+R8X, KCN Mỹ Xuân A, tỉnh Bà Rịa Vũng Tàu",Chí Tranminh,5 sao,,một năm trước
Viglacera,"Viglacera Mỹ Xuân Văn phòng công ty ·  · J2VG+R8X, KCN Mỹ Xuân A, tỉnh Bà Rịa Vũng Tàu",Tan Vo,5 sao,,một năm trước
Viglacera,"Viglacera Mỹ Xuân Văn phòng công ty ·  · J2VG+R8X, KCN Mỹ Xuân A, tỉnh Bà Rịa Vũng Tàu",Tuynh Hoang,4 sao,,2 năm trước
Viglacera,"Viglacera Mỹ Xuân Văn phòng công ty ·  · J2VG+R8X, KCN Mỹ Xuân A, tỉnh Bà Rịa Vũng Tàu",Quốc Huy - Chaien otofun,5 sao,,3 năm trước
Viglacera,"Viglacera Mỹ Xuân Văn phòng công ty ·  · J2VG+R8X, KCN Mỹ Xuân A, tỉnh Bà Rịa Vũng Tàu",nguyễn hữu phát,2 sao,,5 năm trước
Viglacera,"Viglacera Mỹ Xuân Văn phòng công ty ·  · J2VG+R8X, KCN Mỹ Xuân A, tỉnh Bà Rịa Vũng Tàu",Ranko Lukić,5 sao,,5 năm trước
Viglacera,"Viglacera Mỹ Xuân Văn phòng công ty ·  · J2VG+R8X, KCN Mỹ Xuân A, tỉnh Bà Rịa Vũng Tàu",Kiên Đàm,5 sao,,6 năm trước
Viglacera,"Viglacera Mỹ Xuân Văn phòng công ty ·  · J2VG+R8X, KCN Mỹ Xuân A, tỉnh Bà Rịa Vũng Tàu",thai nguyen,5 sao,,6 năm trước
Viglacera,"Viglacera Mỹ Xuân Văn phòng công ty ·  · J2VG+R8X, KCN Mỹ Xuân A, tỉnh Bà Rịa Vũng Tàu",Le Ngoc Loi,4 sao,,7 năm trước
Viglacera,"Viglacera Mỹ Xuân Văn phòng công ty ·  · J2VG+R8X, KCN Mỹ Xuân A, tỉnh Bà Rịa Vũng Tàu",Sử Vũ Văn,5 sao,,8 năm trước
Viglacera,"Viglacera Mỹ Xuân Văn phòng công ty ·  · J2VG+R8X, KCN Mỹ Xuân A, tỉnh Bà Rịa Vũng Tàu",Lit Lip,5 sao,,8 năm trước
Viglacera,"Viglacera Mỹ Xuân Văn phòng công ty ·  · J2VG+R8X, KCN Mỹ Xuân A, tỉnh Bà Rịa Vũng Tàu",Lai Tuan,1 sao,,8 năm trước
Viglacera,"Viglacera Mỹ Xuân Văn phòng công ty ·  · J2VG+R8X, KCN Mỹ Xuân A, tỉnh Bà Rịa Vũng Tàu",quang luu,4 sao,,8 năm trước
Viglacera,Nhà máy Viglacera Mỹ Đức Nhà sản xuất gạch · J2XQ+57J,Khánh Trần,1 sao,Đếm xe chưa đc 20 tấn gạch mà đếm 1 ngày k xong làm ăn lề mề,Thời gian chỉnh sửa: 5 tháng trước
Viglacera,Nhà máy Viglacera Mỹ Đức Nhà sản xuất gạch · J2XQ+57J,tuan pham,3 sao,Nhà máy được mua từ nhà máy mỹ đức cũ,5 năm trước
Viglacera,Nhà máy Viglacera Mỹ Đức Nhà sản xuất gạch · J2XQ+57J,Vu Truong Thanh,4 sao,"Nhà máy mới, khuôn viên rộng lớn",7 năm trước
Viglacera,Nhà máy Viglacera Mỹ Đức Nhà sản xuất gạch · J2XQ+57J,thach le,5 sao,,6 tháng trước
Viglacera,Nhà máy Viglacera Mỹ Đức Nhà sản xuất gạch · J2XQ+57J,Phong Nguyen,4 sao,,một năm trước
Viglacera,Nhà máy Viglacera Mỹ Đức Nhà sản xuất gạch · J2XQ+57J,Nguyễn Diễm My,5 sao,,2 năm trước
Viglacera,Nhà máy Viglacera Mỹ Đức Nhà sản xuất gạch · J2XQ+57J,văn lương vũ,1 sao,,3 năm trước
Viglacera,Nhà máy Viglacera Mỹ Đức Nhà sản xuất gạch · J2XQ+57J,Nguyễn Hoàng,4 sao,,3 năm trước
Viglacera,Nhà máy Viglacera Mỹ Đức Nhà sản xuất gạch · J2XQ+57J,Ngô Bình,5 sao,,3 năm trước
Viglacera,Nhà máy Viglacera Mỹ Đức Nhà sản xuất gạch · J2XQ+57J,quan ta,5 sao,,3 năm trước
Viglacera,Nhà máy Viglacera Mỹ Đức Nhà sản xuất gạch · J2XQ+57J,Đinh Huy (Đinh Toàn Huy),5 sao,,4 năm trước
Viglacera,Nhà máy Viglacera Mỹ Đức Nhà sản xuất gạch · J2XQ+57J,Vi Nguyen,5 sao,,7 năm trước
Viglacera,Nhà máy Viglacera Mỹ Đức Nhà sản xuất gạch · J2XQ+57J,HGCWindow,4 sao,,7 năm trước
Viglacera,Nhà máy Viglacera Mỹ Đức Nhà sản xuất gạch · J2XQ+57J,nhadep noithat,1 sao,,7 năm trước
Viglacera,Nhà máy Viglacera Mỹ Đức Nhà sản xuất gạch · J2XQ+57J,Hue Minh,1 sao,,7 năm trước
Viglacera,Nhà máy Viglacera Mỹ Đức Nhà sản xuất gạch · J2XQ+57J,sang thanh,5 sao,,8 năm trước
Viglacera,Nhà máy Viglacera Eurotile Nhà sản xuất · A2 Industrial Park Lot,Thiên Nguyễn,5 sao,"Đá Nung Kết chất lượng cao, sản phẩm phong phú nhiều kích thước và độ dày, bề mặt",6 tháng trước
Viglacera,Nhà máy Viglacera Eurotile Nhà sản xuất · A2 Industrial Park Lot,thuy tran,4 sao,"Vị trí tuyệt vời vì nằm trong khu công nghiệp rộng rãi. Nhiều mẫu mã hiện đại, đẹp , phong phú. Anh chị em cán bộ công nhân viên đều thân thiện, chuẩn mực. Chỉ có điều : nhà ăn thật sự kém vệ sinh. Bàn lau dối nên ruồi bay nhiều. Sàn nhà …",Thời gian chỉnh sửa: một năm trước
Viglacera,Nhà máy Viglacera Eurotile Nhà sản xuất · A2 Industrial Park Lot,Trung Nguyen,5 sao,Môi trường làm việc thân thiện. Sx  gạch ốp lát granite in kỹ thuật số. Hàng Việt Nam chất lượng cao,4 năm trước
Viglacera,Nhà máy Viglacera Eurotile Nhà sản xuất · A2 Industrial Park Lot,Nguyễn Nghị,4 sao,Dc hiện đại. Gạch ốp lát chất lượng cao,4 năm trước
Viglacera,Nhà máy Viglacera Eurotile Nhà sản xuất · A2 Industrial Park Lot,Tham Hong,5 sao,Đúng là thương hiệu viet nam viglacera,4 năm trước
Viglacera,Nhà máy Viglacera Eurotile Nhà sản xuất · A2 Industrial Park Lot,ngoc hoang Tran,5 sao,Tốt good,4 năm trước
Viglacera,Nhà máy Viglacera Eurotile Nhà sản xuất · A2 Industrial Park Lot,Khoi Nguyen Huu Khoi,5 sao,Tôt,4 năm trước
Viglacera,Nhà máy Viglacera Eurotile Nhà sản xuất · A2 Industrial Park Lot,Bich ngoc Trân,5 sao,,một tháng trước
Viglacera,Nhà máy Viglacera Eurotile Nhà sản xuất · A2 Industrial Park Lot,An Nguyen Thanh,5 sao,,4 tháng trước
Viglacera,Nhà máy Viglacera Eurotile Nhà sản xuất · A2 Industrial Park Lot,Đoan Phạm,5 sao,,4 năm trước
Viglacera,Nhà máy Viglacera Eurotile Nhà sản xuất · A2 Industrial Park Lot,Tuan Vi,5 sao,,4 năm trước
